Track,Artists,Album,Spotify URL
He's Back,"['Dj Panda Boladao', 'Phonk Nation']",He's Back,https://open.spotify.com/track/18gbG6lZMZX4dc3PpUWJd1
SONIC.EXE - ULTRA SLOWED,['dawnicy'],SONIC.EXE (ULTRA SLOWED),https://open.spotify.com/track/2CJ8RSLXDM96LeMua7uXP6
I Came I Saw I Conquered,['FLXMINGO'],I Came I Saw I Conquered,https://open.spotify.com/track/5VFCsJKF3oxG5tMW9O5Bpn
Bate Forte e Dança - Slowed and Reverb,"['0to8', 'DJ Ritmo55']",Bate Forte e Dança,https://open.spotify.com/track/4qXsEd0WVciP1Tj4ZI7LER
BRAZILIAN DANÇA PHONK - Slowed + Reverb,"['6YNTHMANE', 'RXDXVIL']",BRAZILIAN DANÇA PHONK (Slowed + Reverb),https://open.spotify.com/track/10JOwVmIkaBv5cwJp8iEm7
TUCA DONKA (Super Slowed),"['CURSEDEVIL', 'DJ FKU', 'Skorde']",TUCA DONKA (Super Slowed),https://open.spotify.com/track/3B7FSAkKaoke9ul1nL4iFo
Life in Rio - Super Slowed,"['Slowboy', 'NUEKI', 'Crazy Mano', 'TOLCHONOV']",Life in Rio (Super Slowed),https://open.spotify.com/track/5PyS2dcewVZVoHlog0hYg0
NEON BLADE - Slow And Reverb,['Jeck best'],NEON BLADE (Slow And Reverb),https://open.spotify.com/track/0DsSpCyExUJCdisaPhmnMi
Mexican Phonk Eki - Slowed + Reverb,"['NUEKI', 'TOLCHONOV']",Mexican Phonk Eki,https://open.spotify.com/track/6oj2U0x3REzmonh6B7EcQ7
MANDA BALA (Super Slowed),['Ariis'],MANDA BALA (Slowed),https://open.spotify.com/track/56wtI8kF1bjQVqgKaeFbdx
Orquestra Maldita - Slowed+reverb,"['TRASHXRL', 'Mc Delux']",Orquestra Maldita (Slowed+reverb),https://open.spotify.com/track/48mYl3ufmLcmOoCrnFqFZ4
Beat Distorce Pancada Insigne (Slowed),"['Mc Gw', 'DJ WLK', 'KFELIPEE']",Beat Distorce Pancada Insigne (Slowed),https://open.spotify.com/track/50JJVR6r4z5uuAGLtsKyvt
ultraphunk - Super Slowed,"['dashie', 'ISXRO', 'Crazy Mano', 'Mc Menor Do Alvorada']",ultraphunk - Super Slowed,https://open.spotify.com/track/3bPxwh2nck6d43YPDiNWyp
Sequência da Dz7 - Slowed+reverb,"['TRASHXRL', 'Mc Menor Do Alvorada']",Sequência da Dz7 (Slowed+reverb),https://open.spotify.com/track/4cSYBz71h3NUtYYULiAeu2
Close Eyes - Slowed + Reverb,['DVRST'],Close Eyes (Slowed + Reverb),https://open.spotify.com/track/5RE3w3M9g5vsotdIVtLONq
Rave Madara 2,"['Indi Music', 'MathAm Music']",Rave Madara 2,https://open.spotify.com/track/33Pnd7luVvcDfBaUmoBRI7
,[''],Drive Forever (Slowed + Reverb),https://open.spotify.com/track/3lOrAWsVRXkgMmhnEKMNiS
Sahara - Slowed,['Hensonn'],Sahara (Slowed),https://open.spotify.com/track/0gzcUqFgJrqyfXdkF8xkhk
Habibi Afghan,['Mustafa Saboori'],Habibi Afghan,https://open.spotify.com/track/6eyUsfAm4oskVxLpeLJRJb
Drive Forever - Slowed 2,['T3NZU'],Drive Forever (Slowed + Reverb),https://open.spotify.com/track/2XsGQ08HykrTPplbq6NO3u
cocaina (bass),['daniktertri'],cocaina (bass),https://open.spotify.com/track/3jYnxCiMgi0p5S08E8PlWv
RAVE,['Dxrk ダーク'],RAVE,https://open.spotify.com/track/01kfSdF9zfcDLri5sSWEoL
Murder In My Mind - Slowed + Reverb,['Kordhell'],Murder In My Mind,https://open.spotify.com/track/0HIeI7doCC3xlhlfFxXWMc
COWBELL WARRIOR!,['SXMPRA'],COWBELL WARRIOR!,https://open.spotify.com/track/4eDE92gbf1iKImxBIKS64V
Driving Forever,['DixDee'],Driving Forever,https://open.spotify.com/track/21eqHUmkMM3VncmAAlmxOb
MTG MALDIÇÃO ETERNA 1.0 - Slowed,"['DJ GLK', 'MC LIPEX']",MTG MALDIÇÃO ETERNA 1.0 (Slowed),https://open.spotify.com/track/1M9loqxyiyampr3jkuHtD0
Montagem Amedrontadora - Super Slowed,"['MC Renatinho Falcão', 'DJ Wizard', 'DJ Léo da 17', 'MC Vuiziki']",Montagem Amedrontadora (Super Slowed),https://open.spotify.com/track/45pwaEkVsHKIOvDHyDxaUs
The Tututu - Slowed,['Banny XD'],The Tututu (Slowed),https://open.spotify.com/track/4NmpzryhgWXdYFEy6x5cfd
Novinha do ABC [Vai Dar Problema],"['DJ DARKNESS', 'MC LIPEX']",Novinha do ABC [Vai Dar Problema],https://open.spotify.com/track/6ntXCvMaSEVctCRxuVnq6G
The Tututu,['Veronica Zolotova'],The Tututu,https://open.spotify.com/track/7DwCmfYPnuEDfEE47OBAls
MTG MALDIÇÃO ETERNA 1.0 (Joka),"['DJ GLK', 'MC LIPEX', 'Dj luis do grau']",MTG MALDIÇÃO ETERNA 1.0 (Joka),https://open.spotify.com/track/3c1Xz2MjPk0HJJusfIfFyV
The Tutututututu Song,['DJ Flakaste'],The Tutututututu Song,https://open.spotify.com/track/01xwK4FHsN3kTZm60ry4ew
Montagem - Chapadão de Crack - Beat Mata Noia,['DJPH01'],Montagem - Chapadão de Crack - Beat Mata Noia [Slowed],https://open.spotify.com/track/3d2o7YKQCsRfjPeAaQ3Q0T
Money So Big (slowed),['Danieltx'],Money So Big (slowed),https://open.spotify.com/track/33VOI3DVpDGoQflFKPNUBF
Money So Big,['xgiving'],Money So Big,https://open.spotify.com/track/6PBh3XIWKYZtoxPDaEjfHu
Saka Saka Saka Phonk Slowed + Reverb - Remix,"['MC Mazzie', 'Mc Rd', 'DJ Wizard', 'DJ NpcSize']",Saka Saka Saka Phonk Slowed + Reverb (Remix),https://open.spotify.com/track/3Z7f8dudlMIlbKE3anuX0A
I Am a God,['Aesthetic'],I Am a God,https://open.spotify.com/track/2PDc5uBBbdJypuPVf6Z0yu
Montagem - Conga Conga (Slowed + Reverb),['DJ RAMON SP'],Montagem - Conga Conga (Remixes),https://open.spotify.com/track/5olB6tpqsJ9W8AX6HdWQd5
GigaChad Phonk x Buff Puss (Slowed + Reverb) - Remix,['Music Factory'],GigaChad Phonk x Buff Puss (Slowed + Reverb) [Remix],https://open.spotify.com/track/5dD2o9a232QPJYolxsHhTX
Clandestina - Slowed Reverb,"['katemuzic', 'kxrma']",Clandestina (Slowed Reverb),https://open.spotify.com/track/0qywpXvZ8QVkRcj4dW2EgW
Tourner dans le vide - Slowed,['Tylor Spencer'],Tourner dans le vide (man slowed down) - Slowed,https://open.spotify.com/track/5nJmdQSzewG6nZOhfHY2IN
Beat Trava Pulmão (Slowed + Reverb) - Remix,"['Mc Menor Do Alvorada', 'Luiz7z']",Beat Trava Pulmão (Slowed + Reverb) [Remix],https://open.spotify.com/track/2a6UUtM2HF0ADnIlgYYFqB
WARNING - Slowed,['MC ORSEN'],WARNING (Slowed),https://open.spotify.com/track/40aVBzS9ApdKfEV1sDtMjl
|BONKERS| - Slowed,['staplegun'],|BONKERS| (Slowed),https://open.spotify.com/track/5LTyGGQcdx2LEfpBXCj9Iq
Kerosene (Slowed+ Reverb),['iamSQ'],Kerosene (Slowed+ Reverb),https://open.spotify.com/track/1nfBiS2nSBlQjPdnrbYVcA
Montagem Amedrontadora Slowed Reverb - Remix,['Music Factory'],Montagem Amedrontadora Slowed Reverb (Remix),https://open.spotify.com/track/10mDT1gF5Urs5tiS317Ksa
MONTAGEM - PR FUNK - Slowed & Reveerb,"['S3BZS', 'Mc Gw', 'Mc Menor Do Alvorada']",MONTAGEM - PR FUNK (Slowed & Reveerb),https://open.spotify.com/track/4hB9LJ3TsLNPb2fiZidRLZ
The Tututu,['Raul Apxpei'],The Tututu,https://open.spotify.com/track/6Q849WbPYVdeLx5BeqNv4w
Montagem Orquestra Sinfonica (Speed Up),['DJ TENEBROSO ORIGINAL'],Montagem Orquestra Sinfonica (Speed Up),https://open.spotify.com/track/5XkzYk0hGmu5wRYLbLn58p
MONTAGEM CORAL 1.0 - ULTRA SLOWED,['SHADXWLXRD'],MONTAGEM CORAL 1.0 - ULTRA SLOWED,https://open.spotify.com/track/63hzAnDyPSdNCuOo1RdwTW
Untitled #13 (Super Slowed),['glwzbll'],Untitled #13 (Super Slowed),https://open.spotify.com/track/3fC7BKJN66Tyq44x6Try2R
Own Paradise (Slowed),['LXAES'],Own Paradise (Speed Up+Slowed),https://open.spotify.com/track/4m4vgarfYc1NDr0cC0TXBJ
RAVE - Slowed,['Dxrk ダーク'],RAVE (Slowed),https://open.spotify.com/track/0KMqXV4fbLT0JEJmqNVyNU
LOVELY BASTARDS - Slowed,"['ZWE1HVNDXR', 'yatashigang']",LOVELY BASTARDS (Slowed),https://open.spotify.com/track/0D1lgFbxCMU4aieSJWSy9H
POOR - Slowed + Reverb,['gqtis'],POOR (Slowed + Reverb),https://open.spotify.com/track/35BzurhN0rCzv0wLMxd9MH
MIDNIGHT - Slowed + Reverb,"['PLAYAMANE', 'Nateki']",MIDNIGHT (Slowed + Reverb),https://open.spotify.com/track/3tOqeuxoBe4zHkS8Pk70kO
PSYCHO CRUISE - Slowed + Reverb,"['ONIMXRU', 'STRAWANGLE']",PSYCHO CRUISE (Slowed + Reverb),https://open.spotify.com/track/52VpmZEIOcH7cWkgQn75yP
LOOK AT ME! (Super Slowed),['TOKYOSLEEP'],LOOK AT ME! (Remixes),https://open.spotify.com/track/6h3N1uGDjsIokTs2xqU4D7
BAIXO - super slowed,['xxanteria'],NO GOING BACK,https://open.spotify.com/track/7DOsPqQ9XQFyLs9tKiVVsj
MTG - INSURDECEDORA 3.0 (Slowed + Reverb),"['DJ LZIN', 'MC PR', 'Mc Gw']",MTG - INSURDECEDORA 3.0 (Remixes),https://open.spotify.com/track/2HNAw7bnMZHzFFBmuLtXsk
ALORS BRAZIL - SLOWED,['NONTHENSE'],ALORS BRAZIL (SLOWED),https://open.spotify.com/track/4xElpzw09Mdi3zl3S8FrNe
Zara Sa Jhoom Loon Main,Jatin-Lalit,Dilwale Dulhania Le Jayenge,https://open.spotify.com/track/0trgRUeHWSFHZ0W1640dwA
Mitwa,Shankar-Ehsaan-Loy,Kabhi Alvida Naa Kehna (Original Motion Picture Soundtrack),https://open.spotify.com/track/4BTPzhEsyW3blWcxcuhLM0
Rasputin,Boney M.,Daddy Cool,https://open.spotify.com/track/5lWSa1rmuSL6OBPOnkAqoa
Kuch To Hua Hai,Shankar-Ehsaan-Loy,Kal Ho Naa Ho (Original Motion Picture Soundtrack),https://open.spotify.com/track/0Kd2IhGYGYrOATgOOnDBzI
Jab Se Tere Naina,Monty Sharma,Saawariya (Original Motion Picture Soundtrack),https://open.spotify.com/track/0gRNu9dVzi5aC87AI1empZ
"Raataan Lambiyan (From ""Shershaah"")",Tanishk Bagchi,"Raataan Lambiyan (From ""Shershaah"")",https://open.spotify.com/track/2rOnSn2piaqLAlYjtfUBlY
Ruk Ja O Dil Deewane,Jatin-Lalit,Dilwale Dulhania Le Jayenge,https://open.spotify.com/track/3LllvNPZFMxJ4vLWuUBAHG
Ambarsariya,Ram Sampath,Fukrey,https://open.spotify.com/track/4qRcjFkFqSpLBzcbLDt7HL
Tujhe Dekha To,Jatin-Lalit,Dilwale Dulhania Le Jayenge,https://open.spotify.com/track/6dFQ3W3xuG4ll7cNjIsN2Q
"Gerua (From ""Dilwale"")",Pritam,Dilwale (Original Motion Picture Soundtrack),https://open.spotify.com/track/7iLA6PQeQWRjLDHOJgGpj5
Sanam Re,Various Artists,Sanam Re,https://open.spotify.com/track/0CVfovmUv7BnemOyTtOcbL
"Channa Mereya (From ""Ae Dil Hai Mushkil"")",Pritam,Ae Dil Hai Mushkil (Original Motion Picture Soundtrack) [Deluxe Edition],https://open.spotify.com/track/0H2iJVgorRR0ZFgRqGUjUM
Chaar Kadam,Ajay-Atul,Pk,https://open.spotify.com/track/0bYDMpQ94LnF38FiOlc8K9
Khuda Jaane,Vishal-Shekhar,Bachna Ae Haseeno,https://open.spotify.com/track/0gPgdRfB4jdGrlyXS0Vx78
Main Agar Kahoon,Vishal-Shekhar,Om Shanti Om,https://open.spotify.com/track/0iXLwnLmLwn9y54JtBTNxY
Love Is A Waste Of Time,Ajay-Atul,Pk,https://open.spotify.com/track/0q8g9felKNWRG6lBxQ7FX6
"Ae Dil Hai Mushkil Title Track (From ""Ae Dil Hai Mushkil"")",Pritam,Ae Dil Hai Mushkil (Original Motion Picture Soundtrack) [Deluxe Edition],https://open.spotify.com/track/1UWacd8x8tPPwmrPB1MoBI
Tumse Milke Dil Ka,Anu Malik,Main Hoon Na,https://open.spotify.com/track/1ax8ZuwRVkSdzzsIqyCNWQ
Ishq Wala Love,Vishal-Shekhar,Student of the Year (Original Motion Picture Soundtrack),https://open.spotify.com/track/1hQia6rxgfM1ly2hE3StWp
"Sunn Raha Hai (From ""Aashiqui 2"")",Shraddha Kapoor,Best Of Shraddha Kapoor,https://open.spotify.com/track/1nK9sETYTM5NHPPQLggFex
