Track,Artists,Album,Spotify URL
Anthem (with Big Sean & EST Gee) - Soundtrack Version,"['Dreamville', 'Big Sean', 'EST Gee']",Creed III: The Soundtrack,https://open.spotify.com/track/7CeNOTM3asX0zt6pAi9a6W
Focus (Interlude),['Aaron May'],CHASE,https://open.spotify.com/track/3cNlr7wydjSQPl8gYJt7YD
Han Solo,['MIDNIGHT ERA'],Han Solo,https://open.spotify.com/track/7DKbt4XInfjR3lqY41BsUa
Hell Bound - Ad 01,['Vince Staples'],Hell Bound (Ad 01),https://open.spotify.com/track/6tTy7jzu0pDDn6bE5NaaEJ
Distant,['Free Party'],Mirrors In A Dark Room,https://open.spotify.com/track/3mDaCneJoPlAexIC7cXCFV
Just Face It (with Blxst),"['Dreamville', 'Blxst']",Creed III: The Soundtrack,https://open.spotify.com/track/25aUa8vgKi4NqwxQ4cfcrD
Maxwell,"['Dirty Sanchez 47', 'Capital Steez', 'Rokamouth']",Pull the Sours Out - EP,https://open.spotify.com/track/3ZJTMPKbwsillzh2a6noV7
Dreams,['Aaron May'],CHASE,https://open.spotify.com/track/7n6hs80v9v1HEfKsD9Y0Na
Melting Amethyst,['AKTHESAVIOR'],Melting Amethyst,https://open.spotify.com/track/0wuXXDuNqsOqIF0MjZIldt
My Life,['Jurdan Bryant'],My Life,https://open.spotify.com/track/7bfcfu2Vqw00vDAmr4GObQ
"1993 (with J. Cole, JID, Cozz & EARTHGANG feat. Smino & Buddy)","['Dreamville', 'J. Cole', 'JID', 'Cozz', 'EARTHGANG', 'Smino', 'Buddy']",Revenge Of The Dreamers III,https://open.spotify.com/track/1KbCc89SxYma4BnBChkJBs
27 Summers,['Nas'],King's Disease,https://open.spotify.com/track/1FHKdoJN3MemqZyD1ArZwc
ART OF SEDUCTION,"['Ab-Soul', 'Ambré']",HERBERT,https://open.spotify.com/track/40OcWS4cakpvJ4ZYfwHWSP
Dead Men (feat. Cozz),"['408 Darwin', 'Cozz']",Dead Men (feat. Cozz),https://open.spotify.com/track/6yy0W5bgERNnQ5diS20fdT
Shimmy,['Aminé'],Limbo,https://open.spotify.com/track/1PlitoLAYkgjm8YIg79ouK
Up Up Away (with JID & EARTHGANG feat. Vince Staples),"['Dreamville', 'JID', 'EARTHGANG', 'Vince Staples']",Revenge Of The Dreamers III: Director's Cut,https://open.spotify.com/track/6k6QKZTfsSkLcARPA3VY4D
Helly's & Foams,['Free Party'],PG BABY,https://open.spotify.com/track/2FTU5cvbNVY6BbHV8jhG78
Understood,['Aaron May'],CHASE,https://open.spotify.com/track/1mG7DdIdGEQQ5FKa4A3hMi
YardSale,"['Dot Demo', 'RUNITUPDAY!']",My Brother's Keeper,https://open.spotify.com/track/4skHGLwygWu5PEqjjIKAMQ
Know the Name,['LeRoyce'],The Sunny Nights Project,https://open.spotify.com/track/1WmU7RWZvEfII7cv7n0kqe
Sunset (with J. Cole feat. Young Nudy),"['Dreamville', 'J. Cole', 'Young Nudy']",Revenge Of The Dreamers III,https://open.spotify.com/track/3pZO6GoVPeSYDxxsH6vCdj
Call J. Cole,['Mir Fontane'],Melody Monster,https://open.spotify.com/track/5OdzYFUpKgnwXERt8UFtkc
1985,"['Freddie Gibbs', 'The Alchemist']",Alfredo,https://open.spotify.com/track/1p1b9LdLJ0REuFJX9mYtFX
One For Me,['Aaron May'],CHASE,https://open.spotify.com/track/0HWOT3ah92hDtin7lFMy5w
AIN'T GON STOP ME,"['reggie', 'monte booker', 'Kenny Beats']",Ain't Gon Stop Me,https://open.spotify.com/track/1JdFSVTGl0gDJJVUTBvauR
"No Chorus (with Bas feat. Buddy, Guapdad 4000 & Dreezy)","['Dreamville', 'Bas', 'Dreezy', 'Buddy', 'Guapdad 4000']",Revenge Of The Dreamers III: Director's Cut,https://open.spotify.com/track/7oL60LH1UJgqauinmCYiGr
Roberto Clemente,['Dot Demo'],Outer Body Experience,https://open.spotify.com/track/6sFh5LihlIcOh6ahYn6UyJ
Gang Activity,['Chris Patrick'],X-Files,https://open.spotify.com/track/5TJji1jBKRc04D0QMVt1xr
Houdini,"['Pivot Gang', 'theMIND']",Two Piece Tour Pack,https://open.spotify.com/track/2RREQsudcVnGSrQZtiwuTv
Untitled,['Uno Hype'],SOL GLO,https://open.spotify.com/track/1MNGE3oaU4u6O4lMSlHFBp
Wells Fargo (with JID & EARTHGANG feat. Buddy & Guapdad 4000) - Interlude,"['Dreamville', 'JID', 'EARTHGANG', 'Buddy', 'Guapdad 4000']",Revenge Of The Dreamers III,https://open.spotify.com/track/2gtFMLjQpCTGekMi4oXZxN
Ridin' (feat. Ama),"['Lo Village', 'AMA']",Last Summer,https://open.spotify.com/track/5GqLcSUPKY0PJyNqTzbGWE
So What? - Episode 01,['Vince Staples'],So What? (Episode 01),https://open.spotify.com/track/2JRo1DJhNhZWs1TzrPNOSZ
Close My Eyes,"['Michael Christmas', 'Joseph Chilliams']",Baggy Eyes 2,https://open.spotify.com/track/55cnCtHvym8nugxOJ4dNNC
Harden,['Lil Wayne'],Funeral,https://open.spotify.com/track/5JQsSh4OOKvV9tsSSWljGc
Lifestyle (with Bas feat. A$AP Ferg),"['Dreamville', 'Bas', 'A$AP Ferg']",D-Day: A Gangsta Grillz Mixtape,https://open.spotify.com/track/0URbdJpIV9B54W2d9yeMwt
Stuck Up.,['Quentin Miller'],na fr.,https://open.spotify.com/track/0YxnbtwxRIm6kV89Ljzg0L
Woodlawn,['Aminé'],Limbo,https://open.spotify.com/track/4FFC7McrnnwAWKbAqbckTP
FEDS,"['Nick Grant', 'Tae Beast']",God Bless The Child,https://open.spotify.com/track/0X9tyUxH6fPN0C2BgESONf
Nowhere Fast (feat. Childish Major),"['EARTHGANG', 'Childish Major']",Rags,https://open.spotify.com/track/1gvJi1lm2M4nzHMn7txzbe
Self Love (with Ari Lennox & Bas feat. Baby Rose),"['Dreamville', 'Ari Lennox', 'Bas', 'Baby Rose']",Revenge Of The Dreamers III,https://open.spotify.com/track/7dnSXaCjLdFiWZa8s5wP1n
Round One,['Dot Demo'],"Burn One, Tap in, Zone Out",https://open.spotify.com/track/45IEXazkGk1yKXAVAkdkWs
In This Car,['Trapo'],In This Car,https://open.spotify.com/track/7EBxi1g2vy4V0QWzGEmsXH
Morning Sex,['Joey Purp'],iiiDrops,https://open.spotify.com/track/4Vfs046cJ4foUV2mqB6vHU
Middle School,['Free Party'],Mirrors In A Dark Room,https://open.spotify.com/track/3jhqpJK154neWpSjMRvQwa
Jozi Flows (with Bas & EARTHGANG),"['Dreamville', 'Bas', 'EARTHGANG']",D-Day: A Gangsta Grillz Mixtape,https://open.spotify.com/track/0T7zFfMGZ5rQEH4VPbNJln
Lil Mama,"['Lo Village', 'Dirty Shafi']",For the Birds,https://open.spotify.com/track/1OaRwpEV7zj0yAIdNB9UHK
Demolition 1 + 2,"['KEY!', 'Kenny Beats']",777,https://open.spotify.com/track/6xKViainsWxVbLpKI23dXo
Ignorant Confidence,['Cozz'],Effected,https://open.spotify.com/track/1SZmgaHtfiXiolLRwsQQbK
Disco Shit (feat. Freddie Gibbs),"['03 Greedo', 'Kenny Beats', 'Freddie Gibbs']",Netflix & Deal,https://open.spotify.com/track/5GWQw74fr86tHask8d01Lg
