Track,Artists,Album,Spotify URL
Haunted House,['Apocalypse'],Haunted House,https://open.spotify.com/track/6MlPivOaXZbF0TuYVHyjZH
Welcome To The Graveyard,['The Midnight Ghost'],Halloween Nightmares,https://open.spotify.com/track/1iayrRcmvFoODuraDign3f
Tales Of The Living Dead,['The Fallen Crow'],Tales Of The Living Dead,https://open.spotify.com/track/1xYFPKjc7JueaHCxFNil8H
Halloween Theme - Main Title,['John Carpenter'],Halloween Motion Picture Soundtrack,https://open.spotify.com/track/7swocJUCUWTCiRUAU9oerC
Scary Night,['Delta Omega'],Dead Trees,https://open.spotify.com/track/2JyKXIwAbhYz89HR22Ouzb
"Where Is My Heart, Jack?",['The Midnight Ghost'],Halloween Nightmares,https://open.spotify.com/track/6UDNLZ0rhed7ZzUTe6gEE2
Murder House Theme,['Voidoid'],American Horror Story - Essential And Extreme,https://open.spotify.com/track/23NHyIpssyS0u1MQPOUgFG
The Gate,['The Fallen Crow'],Tales Of The Living Dead,https://open.spotify.com/track/5Xs60gWsNNgddZgWkZTWi3
Hidan,['Alexander Rosskopf'],Hidan,https://open.spotify.com/track/3qEndMjyshqNC8MEzdaoQp
Halloween Nightmares,['The Midnight Ghost'],Halloween Nightmares,https://open.spotify.com/track/1mx67VaNBBEU71qhubVHBr
Sinister Sanctuary,['Delta Omega'],Dead Trees,https://open.spotify.com/track/7BT0WRMIpb05LhMWzk7rpK
Beautiful Monsters,['The Fallen Crow'],Tales Of The Living Dead,https://open.spotify.com/track/5IX2FiMmZLtEML1BgEOmNU
Mystic Shadows,['Lorenzo Ferrara'],Mystic Shadows,https://open.spotify.com/track/3W3h47rRjTgNQsxmxYXsu8
Spooky Night,['The Midnight Ghost'],Halloween Nightmares,https://open.spotify.com/track/3CX64Nl31Zn9HqVafFKVHZ
The Crow Whisperer,['The Fallen Crow'],Tales Of The Living Dead,https://open.spotify.com/track/24Xa0bQvLMC89vtFKfetgR
Ghost In The Woods,['Apocalypse'],Haunted House,https://open.spotify.com/track/0IyHa1iWMZRU5vS4lH0Fcz
Transplantation,['Yutaka Yamada'],TVアニメ『東京喰種』ORIGINAL SOUNDTRACK,https://open.spotify.com/track/0vbOdWnjJdxxrSEb3xqrnT
Graveyard,['Delta Omega'],Dead Trees,https://open.spotify.com/track/5LDZpMiyzkeqeQ9YfQC5bz
Cursed House,['The Fallen Crow'],Tales Of The Living Dead,https://open.spotify.com/track/5swZqTsgHweLPCJfXzLj1t
Ab Origine,['Chasing Mirrors'],Ab Origine,https://open.spotify.com/track/1DAhLKb0q0bcHIHiUG9RcA
Who's There?,['Apocalypse'],Haunted House,https://open.spotify.com/track/4CkWqwnCZdDJgKYNMuwAmC
Pumpkin Heads,['The Midnight Ghost'],Halloween Nightmares,https://open.spotify.com/track/58uOM1gFOdXimvgmzMTG8V
Salem Calling,['The Fallen Crow'],Tales Of The Living Dead,https://open.spotify.com/track/448FzLRsYgKTLdyzF7KOlu
Death Note (Writing Theme),['Crescent Sun'],Death Note (Writing Theme),https://open.spotify.com/track/6JLvPsWzW9QMefH2SkzyOo
Who's Out There?,['Delta Omega'],Dead Trees,https://open.spotify.com/track/2uiZcPaJYnQrRMBSbjTP2L
Halloween,['Celestial Aeon Project'],Ghost Story,https://open.spotify.com/track/1F4poM7FS1bVnRb1LsEKAw
Terror,['Apocalypse'],Haunted House,https://open.spotify.com/track/658O0nMJSeykZo8kgU6pUL
Dark Clouds,['Alexander Rosskopf'],Dark Clouds,https://open.spotify.com/track/5LInk8K0J8PKOMc384d1WK
House Of Secrets,['The Midnight Ghost'],Halloween Nightmares,https://open.spotify.com/track/1pWhMd1jXAZNkmrkQJJEZM
Nightfall,['Lorenzo Ferrara'],Dark Dawn,https://open.spotify.com/track/17OUhAzIgH5Q3C3y3K4cuC
The Monsters Are Here,['Delta Omega'],Dead Trees,https://open.spotify.com/track/28q2o9lS8KbSDufPxP952k
Family Secrets,['Midnight Syndicate'],Halloween Music Collection,https://open.spotify.com/track/2PQ4oP7Eef2WsKaiSCyCs8
Curse Of The Scarecrow,['The Midnight Ghost'],Halloween Nightmares,https://open.spotify.com/track/77s0Hetl7bbMy8pUZEKlDL
Ad Astra,['Chasing Mirrors'],Ab Origine,https://open.spotify.com/track/1HSF6pUrgG7TwODIgfu3xs
Whisper Of Death,['The Midnight Ghost'],Halloween Nightmares,https://open.spotify.com/track/1we0zHa7MdbDMPYp5B3ZaS
Monster Mansion,['Apocalypse'],Haunted House,https://open.spotify.com/track/6PWYvqTVsL863VouBXgcAg
Room 47,['Midnight Syndicate'],Halloween Music Collection,https://open.spotify.com/track/4FS7B8O7TRXWBz0deJFEDI
Vampire Crypt,['Delta Omega'],Dead Trees,https://open.spotify.com/track/1WEFmZlSktnAxeJOXGlPpJ
Kabuto,['Alexander Rosskopf'],Kabuto,https://open.spotify.com/track/2XmZz01Cno5GgrwHFINR9v
I Put A Spell On You,['The Midnight Ghost'],Halloween Nightmares,https://open.spotify.com/track/0jkmE56OJWd4eA6hcJqMUZ
Lunara,['Chasing Mirrors'],Ab Origine,https://open.spotify.com/track/1ZzfqzRLBALcIooelZffSM
Labyrinth of Dreams,['Nox Arcana'],Grimm Tales,https://open.spotify.com/track/0tigMFduOGDFwrqeU7Fxig
Orochimaru's Theme,['Crescent Sun'],Orochimaru's Theme,https://open.spotify.com/track/3MdkYclEBIHKb1OGsSKdfN
Resurrection Of Darkness,['The Midnight Ghost'],Halloween Nightmares,https://open.spotify.com/track/65N8TRAW7bAW4ycl0DD4KR
Invocatio,['Chasing Mirrors'],Ab Origine,https://open.spotify.com/track/1Ql5RsHDJzroWkXfW1aSzF
Sunken Crypt,['Jason Tai'],Alice: Madness Returns,https://open.spotify.com/track/0wymUX6BM53GZimK3DbePG
Fallen Grandeur,['Midnight Syndicate'],Halloween Music Collection,https://open.spotify.com/track/694Bqvm5q5pzaZLu8IrAhY
Shadown Scroll,['Jason Tai'],Alice: Madness Returns,https://open.spotify.com/track/19YX9GsYwDO8RTnaoCiMiS
Carpe Noctem,['Chasing Mirrors'],Ab Origine,https://open.spotify.com/track/1kDWbzXf1cBfE2rOB7HJo9
Born of the Night,['Midnight Syndicate'],Halloween Music Collection,https://open.spotify.com/track/2AScrRj5c4YeuAaHU5VrUH
Village of The Doomed,['Chris Vrenna'],American McGee's Alice,https://open.spotify.com/track/2yzXASCz6gsUMK8YIVpxOg
Midnight,['Lorenzo Ferrara'],Dark Dawn,https://open.spotify.com/track/6P1dzB4zU7XcnliZiJB7Fk
Raven's Hollow,['Midnight Syndicate'],Halloween Music Collection,https://open.spotify.com/track/5V3XOpXckOAeaoXjm98PBl
Zetsu Theme,['Lorenzo Ferrara'],Zetsu Theme,https://open.spotify.com/track/3BhMEdYwE9vIBMXh4xK4V1
Awakening,['Midnight Syndicate'],Halloween Music Collection,https://open.spotify.com/track/3qETB64ZvlkC9QA0Ky741b
Haunted Nursery,['Midnight Syndicate'],Halloween Music Collection,https://open.spotify.com/track/053kZxouGV0zcP4f6YCsUU
Falling Down The Rabbit Hole,['Chris Vrenna'],American McGee's Alice,https://open.spotify.com/track/7JS0jdbQ7C3Mym1ydadGFm
Dark Waters,['Celestial Aeon Project'],Ghost Story,https://open.spotify.com/track/4NG7kpINRtrV2chsHBLJlk
Fortress of Doors,['Chris Vrenna'],American McGee's Alice,https://open.spotify.com/track/6ImVLkg2DhjiJTs0LjLiKJ
I'm Not Edible,['Chris Vrenna'],American McGee's Alice,https://open.spotify.com/track/4DfAUmZtkms4Km12SwTosx
Lullaby of Woe,['Invadable Harmony'],Lullaby of Woe,https://open.spotify.com/track/4w44BlUvnzVKO2SmXrWsW2
Fire and Brimstone,['Chris Vrenna'],American McGee's Alice,https://open.spotify.com/track/2XUsWHo6ARcPuvTFbOd1Ev
Darkness Descends,['Midnight Syndicate'],Halloween Music Collection,https://open.spotify.com/track/1G6o5nJ0XHhhIu7dXtZ8XV
The Little Monstress (Music Box),['Invadable Harmony'],Dark Music Box Collection 3,https://open.spotify.com/track/7y67BkFyYFoAoBXvGb9520
Ghost Story,['Celestial Aeon Project'],Ghost Story,https://open.spotify.com/track/2CoJbB2Sx32sgWcaoLKIyw
Card Castles In The Sky,['Jason Tai'],Alice: Madness Returns,https://open.spotify.com/track/31CGI1m2KyvNXNVs6KaZqH
The Abyss (Music Box),['Invadable Harmony'],Dark Music Box Collection 3,https://open.spotify.com/track/79EkQFKk1RH186RmXj0uI0
The Funhouse,['Chris Vrenna'],American McGee's Alice,https://open.spotify.com/track/0LlRMeUf6pRkmGyyhcoxM5
Beautiful Splatter (Music Box),['Invadable Harmony'],Blossom,https://open.spotify.com/track/6oArGDInibpx3xNGmJhEvY
Departure (From 'The Leftovers'),['Invadable Harmony'],Dark Music Box Collection 1,https://open.spotify.com/track/1NufnHsBhbgdG5maM9Wpw1
Ghost in the Mirror,['Nox Arcana'],Legion of Shadows,https://open.spotify.com/track/1Amyn0cT2WSdUOigaBIGje
Dollhouse of Magic,['Derek Fiechter'],Dark Lullabies,https://open.spotify.com/track/4ozVGyCuGaZ5IO8Wi4Sdje
Fairy Tale,['Nox Arcana'],Grimm Tales,https://open.spotify.com/track/3Ganyot8prI66FQqBEJHEd
Be my Doll,['Adrian Von Ziegler'],Mirror of the Night,https://open.spotify.com/track/7qpywGI6bNBnDGuNVHm9SV
Music Box,['Nox Arcana'],Darklore Manor,https://open.spotify.com/track/0VmsysIRk55d7xap4WyQ1s
Crystal Chimes,['Nox Arcana'],Winter's Eve,https://open.spotify.com/track/252UwWPib0mdSqYaDe99rQ
Annabel Lee,['Nox Arcana'],Shadow of the Raven,https://open.spotify.com/track/0OJVF3RIWy8jGA68KpBTrn
Ghost Bride,['Adrian Von Ziegler'],Mirror of the Night,https://open.spotify.com/track/428MZNlH8T9cSNrHKrMLCh
Transylvanian Lullaby,"['John Morris', 'Erutan']",Transylvanian Lullaby,https://open.spotify.com/track/7b8OAPjsUN31VednIkGClK
Drained,['Invadable Harmony'],Drained,https://open.spotify.com/track/0FDn3TtrwE8zwXkoBtl8jG
Living Dolls,['Nox Arcana'],Carnival of Lost Souls,https://open.spotify.com/track/6rYscM0Bn6bFRcRbcVuZr9
Forbidden Lullaby,['Derek Fiechter'],Gothic Night,https://open.spotify.com/track/70QAKVaAxJedqpgaxUBWKo
Gothic Dolls,['Derek Fiechter'],Spooky Halloween,https://open.spotify.com/track/4tKQbblP9TPkvx6JA2EhM6
Snowflake Lullaby,['Brandon Fiechter'],Mists of Ice,https://open.spotify.com/track/0WO1GhqDiraWOr86UHyGYG
Sky Castles,['Matt Tondut'],Sky Castles,https://open.spotify.com/track/42kKfHPDAUOFEZLKTq7lq5
Gone Too Soon,['Lisa Swerdlow'],Voyager,https://open.spotify.com/track/7JEji2IcLAbx7CI3rwag7x
Porcelain Eyes,"['Derek Fiechter', 'Brandon Fiechter']",Dark Lullabies III,https://open.spotify.com/track/0fshL1LCao46oNJdsARa0s
Starlight Watch,"['Derek Fiechter', 'Brandon Fiechter']",Dark Lullabies III,https://open.spotify.com/track/2F9fIwRL1XBzTLDo0HyhsB
Moonwhisper,"['Derek Fiechter', 'Brandon Fiechter']",Dark Lullabies III,https://open.spotify.com/track/7E8q2xOH8Dgkx1JK7CucJY
Due Lacrime,['Alessandro Ligi'],RALL 7044,https://open.spotify.com/track/2LwQTQtmC2VamRFVONCTIe
Crystal Bells,"['Derek Fiechter', 'Brandon Fiechter']",Dark Lullabies III,https://open.spotify.com/track/1TZvlaewyZ4fMqv2EhIMO1
The Music Box - Instrumental,['Karen Biehl'],The Music Box,https://open.spotify.com/track/5LqnW20EVnWgTRHW3rnRjN
An Illusive Quarry - Score Version,['James Horner'],Apocalypto,https://open.spotify.com/track/6598pXRArwZVB4Kpvf5RUR
Morbid Fascination,['Midnight Syndicate'],Halloween Music Collection,https://open.spotify.com/track/1vyDIfh6Gi8bwsw8Jy31SL
Deadly Intentions,['Midnight Syndicate'],Halloween Music Collection,https://open.spotify.com/track/0zFzQws9WdSmSW3qn7g2zG
Undead Hunters,['Midnight Syndicate'],Halloween Music Collection,https://open.spotify.com/track/0oWRsI5B6aE2N6OyA5LGH5
Fallen Grandeur,['Midnight Syndicate'],The 13th Hour,https://open.spotify.com/track/27iQWbkzmdPEaoeQIjp2yg
Hands of Fate,['Midnight Syndicate'],The 13th Hour,https://open.spotify.com/track/0RV7wTrfpt6qgXJNWxpUvK
The Drawing Room,['Midnight Syndicate'],The 13th Hour,https://open.spotify.com/track/1SmCAQKhJZbREG3UpjRcju
Mausoleum d' Haverghast,['Midnight Syndicate'],The 13th Hour,https://open.spotify.com/track/5icmbAXSlRdqjyUMW3p5xY
