Track,Artists,Album,Spotify URL
Tere Pyaar Mein,"['Pritam', 'Arijit Singh', 'Amitabh Bhattacharya', 'Nikhita Gandhi']","Tere Pyaar Mein (From ""Tu Jhoothi Main Makkaar"")",https://open.spotify.com/track/2ZD4aIEepqZsdxPxLSuUhm
"Halka Halka (From ""Fanney Khan"")","['Sunidhi Chauhan', 'Divya Kumar', 'Amit Trivedi']","Halka Halka (From ""Fanney Khan"")",https://open.spotify.com/track/44O26Gv1wQrlUj14PpTolM
Chaleya,"['Anirudh Ravichander', 'Arijit Singh', 'Shilpa Rao', 'Kumaar']",Jawan,https://open.spotify.com/track/3xMHXmedL5Rvfxmiar9Ryv
Soulmate,"['Badshah', 'Arijit Singh']",Ek Tha Raja,https://open.spotify.com/track/1tf2iody5iRLYYPDSBpzRc
Sang Rahiyo,['Jasleen Royal'],Sang Rahiyo,https://open.spotify.com/track/45PA9lW7U5LYnlpGrdTyHY
"Lutt Putt Gaya (From ""Dunki"")","['Pritam', 'Arijit Singh', 'IP Singh', 'Swanand Kirkire']","Lutt Putt Gaya (From ""Dunki"")",https://open.spotify.com/track/72Z2D7jpKevicRkyL45mbw
Naina Da Kya Kasoor,['Amit Trivedi'],Andhadhun (Original Motion Picture Soundtrack),https://open.spotify.com/track/2g3o6I7YuKFEUn9OOfuAfP
Sau Aasmaan,"['Armaan Malik', 'Neeti Mohan', 'Kumaar']",Baar Baar Dekho (Original Motion Picture Soundtrack),https://open.spotify.com/track/5czJMpadRTKwheBXCfiJkm
"Naina (From ""Crew"")","['Diljit Dosanjh', 'Badshah', 'Raj Ranjodh']","Naina (From ""Crew"")",https://open.spotify.com/track/1eZefeDb8uOsjvcbl1fJrG
"What Jhumka ? (From ""Rocky Aur Rani Kii Prem Kahaani"")","['Pritam', 'Arijit Singh', 'Jonita Gandhi', 'Ranveer Singh', 'Amitabh Bhattacharya']","What Jhumka ? (From ""Rocky Aur Rani Kii Prem Kahaani"")",https://open.spotify.com/track/4uNxdQ1L4Xa52MWX864QhW
O’Sajna,"['Badshah', 'DIVINE', 'Nikhita Gandhi']",Ek Tha Raja,https://open.spotify.com/track/3YVbYgFSd2Whua4QUiIjUc
"Teri Baaton Mein Aisa Uljha Jiya Title Song (From ""Teri Baaton Mein Aisa Uljha Jiya"")","['Raghav', 'Tanishk Bagchi', 'Asees Kaur']","Teri Baaton Mein Aisa Uljha Jiya Title Song (From ""Teri Baaton Mein Aisa Uljha Jiya"")",https://open.spotify.com/track/6IR6mzRO60hnMjNoq8rCPE
Aahatein,"['Keshav Anand', 'Tarun Sharma']",Aahatein,https://open.spotify.com/track/6pGoPfag1jt3Mh3bMuXlIX
"Sher Khul Gaye (From ""Fighter"")","['Vishal-Shekhar', 'Vishal Dadlani', 'Shekhar Ravjiani', 'Benny Dayal', 'Shilpa Rao', 'Kumaar']","Sher Khul Gaye (From ""Fighter"")",https://open.spotify.com/track/0VXBujZKMLLlmee25BXEQs
Sadqay,"['Aashir Wajahat', 'NAYEL', 'Nehaal Naseem']",Sadqay,https://open.spotify.com/track/2lX53kXvYnvpV8Vqfe4S7s
Maiyya Mainu,['Sachet Tandon'],Jersey (Original Motion Picture Soundtrack),https://open.spotify.com/track/3ygfdwvBJ2Y5XhJiiHFFZE
Heeriye (feat. Arijit Singh),"['Jasleen Royal', 'Arijit Singh', 'Harrykahanhai']",Heeriye (feat. Arijit Singh),https://open.spotify.com/track/5PUXKVVVQ74C3gl5vKy9Li
Ik Vaari Aa,"['Pritam', 'Arijit Singh']",Raabta,https://open.spotify.com/track/7fyiYhn7STpHvT5g0lbncC
Tum Hi Ho Bandhu,"['Neeraj Shridhar', 'Kavita Seth', 'Pritam']",Cocktail (Original Motion Picture Soundtrack),https://open.spotify.com/track/7H3mfOvtPNA8YDF3EdKy0L
Mannat,"['Darshan Raval', 'Prakriti Kakar']",Dard,https://open.spotify.com/track/26elzgFl8tvajnDfeoY1YF
Uff Teri Adaa,"['Shankar Mahadevan', 'Alyssa Mendonsa']",Karthik Calling Karthik,https://open.spotify.com/track/0og9wKFGgFFNQnrBe7eisG
Malang Sajna,"['Sachet Tandon', 'Parampara Tandon', 'Kumaar', 'Sachet-Parampara']",Malang Sajna,https://open.spotify.com/track/73K33p4Vyz9koXGqmL5eFs
"Deva Deva (From ""Brahmastra"")","['Pritam', 'Arijit Singh', 'Amitabh Bhattacharya', 'Jonita Gandhi']","Deva Deva (From ""Brahmastra"")",https://open.spotify.com/track/0IGXY47K2ha3AHfX57wY1O
Mahiye Jinna Sohna,['Darshan Raval'],Mahiye Jinna Sohna,https://open.spotify.com/track/2ncqKdTj6dz7tWoTMMrAtq
"Kudi Nu Nachne De (From ""Angrezi Medium"")","['Vishal Dadlani', 'Sachin-Jigar']","Kudi Nu Nachne De (From ""Angrezi Medium"")",https://open.spotify.com/track/4YIhJmihoXwjtbY4vsV9Nh
Love You Zindagi,"['Amit Trivedi', 'Jasleen Royal']",Dear Zindagi (Original Motion Picture Soundtrack),https://open.spotify.com/track/6k3XXCE1ZzwevQlxf8dNaw
Buddhu Sa Mann,"['Amaal Mallik', 'Armaan Malik']",Kapoor & Sons (Since 1921) (Original Motion Picture Soundtrack),https://open.spotify.com/track/1dxbiVeiV7nQ2V9qXnhJiB
"Janiye (from the Netflix Film ""Chor Nikal Ke Bhaga"")","['Vishal Mishra', 'Rashmeet Kaur']","Janiye (from the Netflix Film ""Chor Nikal Ke Bhaga"")",https://open.spotify.com/track/0645eBDehHcqfiF15hscQV
Mileya Mileya,"['Rekha Bhardwaj', 'Jigar Saraiya', 'Sachin-Jigar', 'Priya Saraiya']",Happy Ending (Original Motion Picture Soundtrack),https://open.spotify.com/track/2IarWd16hKAvXU8vnEunVb
Mere Liye Tum Kaafi Ho,['Ayushmann Khurrana'],Shubh Mangal Zyada Saavdhan,https://open.spotify.com/track/73whmTgxzRFLhPbRMkDnjj
Saibo,"['Sachin-Jigar', 'Shreya Ghoshal', 'Tochi Raina']",Shor in the City (Original Motion Picture Soundtrack),https://open.spotify.com/track/6udC4b4jOSnHb9ItnXgKLR
Dildaara (Stand By Me),['Shafqat Amanat Ali'],Ra-One,https://open.spotify.com/track/6ZoCBDOB308GqUdt2AJrV2
Maan Meri Jaan,['King'],Champagne Talk,https://open.spotify.com/track/1418IuVKQPTYqt7QNJ9RXN
Ilahi (Reprise),"['Pritam', 'Mohit Chauhan']",Yeh Jawaani Hai Deewani,https://open.spotify.com/track/5wdkKS3kWXBU9bklLVsAFs
"Jaadui (From ""Tu Jhoothi Main Makkaar"")","['Pritam', 'Jubin Nautiyal', 'Amitabh Bhattacharya']","Jaadui (From ""Tu Jhoothi Main Makkaar"")",https://open.spotify.com/track/4nriYsKSq1VmiamjZOB4Tp
Lagdi Lahore Di,"['Guru Randhawa', 'Tulsi Kumar']",Street Dancer 3D,https://open.spotify.com/track/31d3tVd82tx2sjA2VQ3PMZ
Gallan Goodiyaan,"['Yashita Sharma', 'Manish Kumar Tipu', 'Farhan Akhtar', 'Shankar Mahadevan', 'Sukhwinder Singh']",Dil Dhadakne Do,https://open.spotify.com/track/7hNYvX0qAKrxtVr1jGDmvR
Daaru Desi,"['Benny Dayal', 'Shalmali Kholgade', 'Pritam']",Cocktail (Original Motion Picture Soundtrack),https://open.spotify.com/track/5pAo2q7eVt65OSkwYgqhHl
"Kesariya (From ""Brahmastra"")","['Pritam', 'Arijit Singh', 'Amitabh Bhattacharya']","Kesariya (From ""Brahmastra"")",https://open.spotify.com/track/6VBhH7CyP56BXjp8VsDFPZ
Dil Jhoom,"['Mithoon', 'Arijit Singh', 'Sayeed Quadri']",Gadar 2 (Original Motion Picture Soundtrack),https://open.spotify.com/track/11qnwt18ZckPqchzK2I3U7
"Ghungroo (From ""War"")","['Vishal-Shekhar', 'Arijit Singh', 'Shilpa Rao', 'Kumaar']","Ghungroo (From ""War"")",https://open.spotify.com/track/0WdbnNKO0Jt4BZACSDQh44
Matargashti,['Mohit Chauhan'],Tamasha,https://open.spotify.com/track/5GeBgck1MU2tlIkMpsn8uT
Gulabi,"['Sachin-Jigar', 'Jigar Saraiya', 'Priya Saraiya', 'Jaideep Sahni']",Shuddh Desi Romance,https://open.spotify.com/track/22kRCQPyNXWZSQEcDvCmGD
Pasoori,"['Shae Gill', 'Ali Sethi']",Pasoori,https://open.spotify.com/track/7lvDsmTRXFE3dK4OjvRiWB
Chor Bazaari,"['Neeraj Shridhar', 'Sunidhi Chauhan', 'Pritam']",Love Aaj Kal (Original Motion Picture Soundtrack),https://open.spotify.com/track/4gqHEia13bp5EFWGitiKWx
Sooraj Ki Baahon Mein,"['Dominique Cerejo', 'Clinton Cerejo', 'Loy Mendonsa']",Zindagi Na Milegi Dobara,https://open.spotify.com/track/723xQva0yBF7M6K3nDAG8R
Raat Bhar,"['Arijit Singh', 'Shreya Ghoshal']",Heropanti,https://open.spotify.com/track/3ctaMit7CuiHIPVYrRvm15
Befikra,"['Meet Bros.', 'Aditi Singh Sharma', 'Natalie Ram', 'Thomson Andrews', 'Keshia Braganza', 'Gwen Dias', 'Ryan Dias']",Befikra,https://open.spotify.com/track/06wTXKpDMrSp5OfB7MErpx
Jaane Kyun,"['Vishal-Shekhar', 'Vishal Dadlani']",Dostana (Original Motion Picture Soundtrack),https://open.spotify.com/track/6M2UnI1LnXuXlWU54CKmKx
Offo,"['Aditi Singh Sharma', 'Amitabh Bhattacharya']",2 States,https://open.spotify.com/track/3f26GAn3yOXfoclLyN8AdD
