Track,Artists,Album,Spotify URL
Iktara,"['Amit Trivedi', 'Kavita Seth', 'Amitabh Bhattacharya']",Wake Up Sid (Original Motion Picture Soundtrack),https://open.spotify.com/track/3jtKSUiVDowKNBqVQbWaig
Agar Tum Saath Ho,"['Alka Yagnik', 'Arijit Singh']",Tamasha,https://open.spotify.com/track/3hkC9EHFZNQPXrtl8WPHnX
Mann Mera,['Gajendra Verma'],Table No. 21 (Original Motion Picture Soundtrack),https://open.spotify.com/track/3yV2c3cYhkAwSsxAq6nRiv
Zara Sa,"['Pritam', 'KK']",Jannat (Original Motion Picture Soundtrack),https://open.spotify.com/track/18YHbIhrleUkKKj2DvEp79
"Tu Jo Mila (From ""Bajrangi Bhaijaan"")",['KK'],Evergreen Hits Of K.K.,https://open.spotify.com/track/0Gx85FNdpsYyTfHiumSJfk
"Jeena Jeena (From ""Badlapur"")",['Atif Aslam'],"Jeena Jeena (From ""Badlapur"")",https://open.spotify.com/track/5ZhKD46Q7mhsl0awl7ZMJc
Tera Ghata,['Gajendra Verma'],Tera Ghata,https://open.spotify.com/track/0JBhoxPKHJc1ZeJrjSt0VO
Tera Hone Laga Hoon,"['Atif Aslam', 'Alisha Chinai', 'Pritam']",Ajab Prem Ki Ghazab Kahani (Original Motion Picture Soundtrack),https://open.spotify.com/track/0dLbrlAVPPjpPqnYfmJsWk
Tu Jaane Na,"['Atif Aslam', 'Pritam']",Ajab Prem Ki Ghazab Kahani (Original Motion Picture Soundtrack),https://open.spotify.com/track/4iFPsNzNV7V9KJgcOX7TEO
Jashn-E-Bahaaraa,"['A.R. Rahman', 'Javed Ali']",Jodhaa Akbar (Original Motion Picture Soundtrack),https://open.spotify.com/track/1O5mTSQa0sCce9ghhDqIZl
Sooraj Dooba Hain,"['Arijit Singh', 'Aditi Singh Sharma']",Roy,https://open.spotify.com/track/48pyUxg9RYuwie5M9R7qRn
Chand Sifarish,"['Jatin-Lalit', 'Shaan', 'Kailash Kher', 'Prasoon Joshi']",Fanaa,https://open.spotify.com/track/5EYZZvmNAH5VZCwuzYJqoA
Tum Ho,"['Mohit Chauhan', ""Suzanne D'Mello""]",Rockstar,https://open.spotify.com/track/7uNnlVit5qDvfOje0pqICF
Khaabon Ke Parinday,"['Alyssa Mendonsa', 'Mohit Chauhan']",Zindagi Na Milegi Dobara,https://open.spotify.com/track/14eotumM24MhIgzidgN3Jx
Guzarish,['Javed Ali'],Ghajini,https://open.spotify.com/track/2MvCNH9ua0CeOgUQfZf56z
Ajab Si,['KK'],Om Shanti Om,https://open.spotify.com/track/5FXMRdJjKq1BIX4e8Eg9mK
Falak Tak,"['Vishal-Shekhar', 'Udit Narayan', 'Mahalakshmi Iyer', 'Kausar Munir']",Tashan,https://open.spotify.com/track/0IudGhdeJZwJ0Ps6ndtQDt
Khuda Jaane,"['Vishal-Shekhar', 'KK', 'Shilpa Rao', 'Anvita Dutt Guptan']",Bachna Ae Haseeno,https://open.spotify.com/track/0gPgdRfB4jdGrlyXS0Vx78
Tujh Mein Rab Dikhta Hai,"['Salim–Sulaiman', 'Roop Kumar Rathod', 'Jaideep Sahni']",Rab Ne Bana Di Jodi,https://open.spotify.com/track/2LcXJP95e4HKydTZ2mYfrx
"Teri Ore (From ""Singh Is Kinng"")",['Rahat Fateh Ali Khan'],Download This Album - Rahat Fateh Ali Khan,https://open.spotify.com/track/7KF2NJNmZWHhH1KvcfpXGU
Tu Hi Mera,"['Pritam', 'Shafqat Amanat Ali']",Jannat 2 (Original Motion Picture Soundtrack),https://open.spotify.com/track/1CVqr5LImdmJ1Upt4z08Pm
Subhanallah,"['Pritam', 'Sreeram', 'Shilpa Rao']",Yeh Jawaani Hai Deewani,https://open.spotify.com/track/0GQngE2rOYvlKwEQjTAsP8
Tum Se Hi,"['Pritam', 'Mohit Chauhan']",Jab We Met,https://open.spotify.com/track/7eQl3Yqv35ioqUfveKHitE
Raabta,"['Pritam', 'Arijit Singh']",Agent Vinod,https://open.spotify.com/track/6FjbAnaPRPwiP3sciEYctO
Chahun Main Ya Naa,"['Palak Muchhal', 'Arijit Singh']",Aashiqui 2,https://open.spotify.com/track/6UgcN95w7vQxkR8sEFmwHG
Sooraj Ki Baahon Mein,"['Dominique Cerejo', 'Clinton Cerejo', 'Loy Mendonsa']",Zindagi Na Milegi Dobara,https://open.spotify.com/track/723xQva0yBF7M6K3nDAG8R
Tum Mile,"['Pritam', 'Neeraj Shridhar']",Tum Mile (Original Motion Picture Soundtrack),https://open.spotify.com/track/1EjxJHY9A6LMOlvyZdwDly
"Ranjha (From ""Shershaah"")","['Jasleen Royal', 'B Praak', 'Romy', 'Anvita Dutt']","Ranjha (From ""Shershaah"")",https://open.spotify.com/track/72zHuDxFQTjbL51qJQSA7j
Tere Bina,"['A.R. Rahman', 'Chinmayi', 'Murtuza Khan', 'Qadir Khan']",Guru (Original Motion Picture Soundtrack),https://open.spotify.com/track/4FeczSomVWVyU4FW7xDeAI
Tum Hi Ho,['Arijit Singh'],Aashiqui 2,https://open.spotify.com/track/56zZ48jdyY2oDXHVnwg5Di
Jee Le Zaraa,['Vishal Dadlani'],Talaash,https://open.spotify.com/track/2r32XiAWtZbT3eLUvf4pag
Pee Loon,"['Pritam', 'Mohit Chauhan']",Once Upon A Time In Mumbaai,https://open.spotify.com/track/52itZ0w0CydihB2JCZEIft
Saibo,"['Sachin-Jigar', 'Shreya Ghoshal', 'Tochi Raina']",Shor in the City (Original Motion Picture Soundtrack),https://open.spotify.com/track/6udC4b4jOSnHb9ItnXgKLR
"Kaise Hua (From ""Kabir Singh"")",['Vishal Mishra'],"Kaise Hua (From ""Kabir Singh"")",https://open.spotify.com/track/1y1rQTkWmrZdJmjwuK07GC
Pehli Nazar Mein,"['Atif Aslam', 'Pritam']",Race (Original Motion Picture Soundtrack),https://open.spotify.com/track/17opN752ZQpNuoptelsNQ1
Kabira (Encore),"['Pritam', 'Harshdeep Kaur', 'Arijit Singh']",Yeh Jawaani Hai Deewani,https://open.spotify.com/track/3jJ5HgLRNydtLRghjWVaCG
Soch Na Sake,"['Amaal Mallik', 'Arijit Singh', 'Tulsi Kumar']",Airlift,https://open.spotify.com/track/6mTvwBzWTGDOVeCNQEqtOE
Mere Sohneya,"['Sachet Tandon', 'Parampara Tandon']",Kabir Singh,https://open.spotify.com/track/7sJQv0LRPgM2xCkkdWOlyj
Pani da Rang (Male),['Ayushmann Khurrana'],Putumayo Presents Indian Groove,https://open.spotify.com/track/0ce9G1z2SstCXHJ9gTg6PB
Aankhon Se Batana,['Dikshant'],Aankhon Se Batana,https://open.spotify.com/track/1ZiReD9pPTttQWwSoYqdyH
"Mast Magan (From ""2 States"")","['Arijit Singh', 'Chinmayi']",Groove With Arijit Singh,https://open.spotify.com/track/4wIWWEhbdgKAxhR68eE0Ye
"Humdard (From ""Ek Villain"")",['Arijit Singh'],Ultimate Love Songs - Arijit Singh,https://open.spotify.com/track/2PvaburAUlhNHxVhw5lvOq
"Tose Naina (From ""Mickey Virus)",['Arijit Singh'],Love Dose Arijit Singh,https://open.spotify.com/track/2fMlezwwP5Hr1UwuAknN4o
Maahi Ve,['A.R. Rahman'],Highway,https://open.spotify.com/track/1sbW5E7w8tnqpYk0Frx8QG
Ilahi,"['Pritam', 'Arijit Singh']",Yeh Jawaani Hai Deewani,https://open.spotify.com/track/5cgKosPPj5Cs9a2JQufUc1
"Phir Kabhi (From ""M.S.Dhoni - The Untold Story"")",['Arijit Singh'],2016 Shining Star - Arijit Singh,https://open.spotify.com/track/77gskLti3ilCnuwlDq0m8j
Pehla Pyaar,"['Vishal Mishra', 'Armaan Malik']",Kabir Singh,https://open.spotify.com/track/0ojpEubhy4JNeVftmVuiN7
Aye Khuda,['Salim Merchant'],Paathshaala,https://open.spotify.com/track/1vgVsR5rkXGP4NmUcoroJH
Tujhe Bhula Diya,"['Mohit Chauhan', 'Shekhar Ravjiani', 'Shruti Pathak']",Anjaana Anjaani,https://open.spotify.com/track/4r8JqkhpTb5tzSKKHnVJIJ
Tose Naina,['Arijit Singh'],Mickey Virus,https://open.spotify.com/track/2dPUug9YiNL4ypu8UF8SnD
"Rasiya (From ""Brahmastra"")","['Pritam', 'Shreya Ghoshal', 'TUSHAR JOSHI']","Rasiya (From ""Brahmastra"")",https://open.spotify.com/track/4Hv055xg1SZZgwwGBx8Cr5
Hum Tum,"['Jatin-Lalit', 'Alka Yagnik', 'Babul Supriyo', 'Prasoon Joshi']",Hum Tum,https://open.spotify.com/track/6YRbDkyTzsizAWFz8kwiI7
"Kesariya (From ""Brahmastra"")","['Pritam', 'Arijit Singh', 'Amitabh Bhattacharya']","Kesariya (From ""Brahmastra"")",https://open.spotify.com/track/6VBhH7CyP56BXjp8VsDFPZ
"Deva Deva (From ""Brahmastra"")","['Pritam', 'Arijit Singh', 'Amitabh Bhattacharya', 'Jonita Gandhi']","Deva Deva (From ""Brahmastra"")",https://open.spotify.com/track/0IGXY47K2ha3AHfX57wY1O
Pal,"['Javed-Mohsin', 'Arijit Singh', 'Shreya Ghoshal', 'Kunaal Vermaa', 'Prashant Ingole']",Pal,https://open.spotify.com/track/5G7pZ8G8NFvS1MQ9H4L7dC
Baarish Ban Jaana,"['Payal Dev', 'Stebin Ben']",Baarish Ban Jaana,https://open.spotify.com/track/3sFlG5sYt712TtjvWM8Ocb
Humsafar,"['Akhil Sachdeva', 'Mansheel Gujral']",Badrinath Ki Dulhania,https://open.spotify.com/track/6TFESXMfJJWwccviaxGAMa
Tere Naina,"['Shankar Mahadevan', 'Shreya Ghoshal']",Chandni Chowk To China,https://open.spotify.com/track/7u5B4ptccyg8T7NPfByhE7
Alvida,"['Pritam', 'KK']",Life In A Metro (Original Motion Picture Soundtrack),https://open.spotify.com/track/7EjatvVN2Y2GjpvKSyWJR4
"Jehda Nasha (From ""An Action Hero"")","['Tanishk Bagchi', 'Faridkot', 'Yohani', 'Amar Jalal', 'Harjot Kaur']","Jehda Nasha (From ""An Action Hero"")",https://open.spotify.com/track/45C7tXCrmp3R5E65XUtLLj
Dil Diyan Gallan,"['Vishal-Shekhar', 'Atif Aslam', 'Irshad Kamil']",Tiger Zinda Hai,https://open.spotify.com/track/5MnAi6ZF7cE8pAz7wYr9Ta
O Re Piya,"['Salim–Sulaiman', 'Rahat Fateh Ali Khan', 'Jaideep Sahni']",Aaja Nachle,https://open.spotify.com/track/7cWnks0lsRtpAi87COOiXK
Maan Meri Jaan,['King'],Champagne Talk,https://open.spotify.com/track/1418IuVKQPTYqt7QNJ9RXN
Tu Aake Dekhle,['King'],The Carnival,https://open.spotify.com/track/0yCWDaAgOtg6TKlNCg9rwA
"Tu Hi Yaar Mera (From ""Pati Patni Aur Woh"")","['Rochak Kohli', 'Arijit Singh', 'Neha Kakkar']","Tu Hi Yaar Mera (From ""Pati Patni Aur Woh"")",https://open.spotify.com/track/57jOEZtoLQK4zF2x55bdkp
"Banjaara (From ""Ek Villain"")",['Mohammed Irfan'],Best Of Shraddha Kapoor,https://open.spotify.com/track/2S6N9pbnkhQRyAx80HmF79
Pehli Dafa,"['Atif Aslam', 'Shiraz Uppal']",Pehli Dafa,https://open.spotify.com/track/4Tkb7zsDmsawB7S5TpKQV1
Ye Tune Kya Kiya,"['Pritam', 'Javed Bashir']",Once Upon Ay Time In Mumbai Dobaara !,https://open.spotify.com/track/2cPUB8EOT6AfJ8oxhyoNXL
Hawayein,"['Pritam', 'Arijit Singh']",Jab Harry Met Sejal (Original Motion Picture Soundtrack),https://open.spotify.com/track/0l6g8Z8mqGbGXFOjigYetD
Raanjhanaa,"['A.R. Rahman', 'Jaswinder Singh', 'Shiraz Uppal']",Raanjhanaa (Original Motion Picture Soundtrack),https://open.spotify.com/track/5OMUXgfXsSukZ0zxelpC3b
Janam Janam,"['Pritam', 'Arijit Singh', 'Antara Mitra']",Dilwale (Original Motion Picture Soundtrack),https://open.spotify.com/track/4km0RUkMMFdx8iDuq36o2w
Tum Jo Aaye,"['Pritam', 'Rahat Fateh Ali Khan', 'Tulsi Kumar']",Once Upon A Time In Mumbaai,https://open.spotify.com/track/2iZeKe5avjtKVmjfSFkpxd
,[''],,https://open.spotify.com/track/0ECtOTGgOhHYGiF9dF60oZ
Tu Hai Ki Nahi,['Ankit Tiwari'],Roy,https://open.spotify.com/track/4brSaQIT3bnnE41D042fgL
Shubhaarambh,"['Amit Trivedi', 'Shruti Pathak', 'Divya Kumar']",Celebrate Kai Po Che (Original Motion Picture Soundtrack),https://open.spotify.com/track/5ckJAMv3Ixm6orTgfkmtbf
Ik Junoon (Paint It Red),['Vishal Dadlani'],Zindagi Na Milegi Dobara,https://open.spotify.com/track/7e6qTHVfRdaYsio90s1fHC
Masakali,['Mohit Chauhan'],Delhi-6,https://open.spotify.com/track/5iyNH1Dmxif1k4Nl1gMeuh
Itni Si Baat Hain,"['Pritam', 'Arijit Singh', 'Antara Mitra']",Azhar,https://open.spotify.com/track/3P167vmmGRGKHoy7uDugvy
Aas Paas Khuda,['Rahat Fateh Ali Khan'],Anjaana Anjaani,https://open.spotify.com/track/3kuxr8U3QynLzyW82p5hYR
Dil Dhadakne Do,"['Joi Barua', 'Suraj Jagan']",Zindagi Na Milegi Dobara,https://open.spotify.com/track/46elU7IBKWf55D5sjHGqO7
"Ik Vaari Aa (From ""Raabta"")","['Pritam', 'Arijit Singh']","Ik Vaari Aa (From ""Raabta"")",https://open.spotify.com/track/5lrA2NzUxmBjKr2tCZfMtl
Mitwa,"['Shankar-Ehsaan-Loy', 'Shankar Mahadevan', 'Caralisa Monteiro', 'Shafqat Amanat Ali']",Kabhi Alvida Naa Kehna (Original Motion Picture Soundtrack),https://open.spotify.com/track/4BTPzhEsyW3blWcxcuhLM0
Galliyan,['Ankit Tiwari'],Ek Villain,https://open.spotify.com/track/3ySVdXje5nm31d7vL3jNV3
Banjaara,['Mohammed Irfan'],Ek Villain,https://open.spotify.com/track/4eFnk661RcdOuH9ajiTO3j
Mahiye Jinna Sohna,['Darshan Raval'],Mahiye Jinna Sohna,https://open.spotify.com/track/2ncqKdTj6dz7tWoTMMrAtq
"Phir Aur Kya Chahiye (From ""Zara Hatke Zara Bachke"")","['Sachin-Jigar', 'Arijit Singh', 'Amitabha Bhattacharya']","Phir Aur Kya Chahiye (From ""Zara Hatke Zara Bachke"") - Single",https://open.spotify.com/track/7Ky9U9iHjGBiRax3joCRDS
Bol Do Na Zara,['Armaan Malik'],Bollywood Romantic Songs With Armaan Malik,https://open.spotify.com/track/5XD2tP1DRH2NJgp45HiEQA
Samjhawan,"['Jawad Ahmad', 'Shaarib Toshi', 'Arijit Singh', 'Shreya Ghoshal']",Samjhawan,https://open.spotify.com/track/0rk2X5TAhraBC5aCIXK2Rq
Madhanya,"['Rahul Vaidya', 'Asees Kaur', 'Lijo George-Dj Chetas']",Madhanya,https://open.spotify.com/track/26dEvQuPwM3T61PKzoJiht
Breathless,['Shankar Mahadevan'],Non-Film Gems,https://open.spotify.com/track/7qsZaMExWT4r0OYl4VaaTE
