Track,Artists,Album,Spotify URL
Bewafa,['Imran Khan'],Bewafa,https://open.spotify.com/track/4FcknXDJ8yW2QYUl0cm6uJ
Pehle Bhi Main,"['Vishal Mishra', 'Raj Shekhar']",ANIMAL,https://open.spotify.com/track/7yDHHVKLbvDmVw1XXhDDIO
Hamari Adhuri Kahani (Title Track),"['Jeet Gannguli', 'Arijit Singh']",Hamari Adhuri Kahani (Original Motion Picture Soundtrack),https://open.spotify.com/track/3HiobOOpSpMsi95WBKPBYk
Main Dhoondne Ko Zamaane Mein,['Arijit Singh'],Heartless,https://open.spotify.com/track/75p6BrziB5urmwPCeXl3y7
Kahani Suno 2.0,['Kaifi Khalil'],Kahani Suno 2.0,https://open.spotify.com/track/4VsP4Dm8gsibRxB5I2hEkw
"O Bedardeya (From ""Tu Jhoothi Main Makkaar"")","['Pritam', 'Arijit Singh', 'Amitabh Bhattacharya']","O Bedardeya (From ""Tu Jhoothi Main Makkaar"")",https://open.spotify.com/track/0czcoKJbJt08NqKrvSbbz7
Mehrama,"['Pritam', 'Darshan Raval', 'Antara Mitra']",Love Aaj Kal (Original Motion Picture Soundtrack),https://open.spotify.com/track/6cUOiOY5qh2FpIQWIYAd2h
Tu hai kahan,['AUR'],Tu hai kahan,https://open.spotify.com/track/4VhqKzBeAlhTjLYZr0oJx8
"Ae Dil Hai Mushkil Title Track (From ""Ae Dil Hai Mushkil"")","['Pritam', 'Arijit Singh']",Ae Dil Hai Mushkil (Original Motion Picture Soundtrack) [Deluxe Edition],https://open.spotify.com/track/1UWacd8x8tPPwmrPB1MoBI
Yaadein,['HYDR'],Yaadein,https://open.spotify.com/track/4emyBB1y2yRUKWdNjHxwzD
"Tere Hawaale (From ""Laal Singh Chaddha"")","['Pritam', 'Arijit Singh', 'Shilpa Rao']","Tere Hawaale (From ""Laal Singh Chaddha"")",https://open.spotify.com/track/4blqlsA1uf2d2I40E90EUC
Choo Lo,['The Local Train'],Aalas Ka Pedh,https://open.spotify.com/track/0rlLBWFFTQiOWi963SH9bb
Husn,['Anuv Jain'],Husn,https://open.spotify.com/track/0TL0LFcwIBF5eX7arDIKxY
Jaan,"['Ali Alvi', 'Shahmeer Raza Khan']",Jaan,https://open.spotify.com/track/5rIbOVHy0ofgn9K72fQXJc
"Humdard (From ""Ek Villain"")",['Arijit Singh'],Ultimate Love Songs - Arijit Singh,https://open.spotify.com/track/2PvaburAUlhNHxVhw5lvOq
Saari Duniya Jalaa Denge,"['Jaani', 'B Praak']",ANIMAL,https://open.spotify.com/track/0YxKKO272sacGBJKjf6FnB
Galliyan,['Ankit Tiwari'],Ek Villain,https://open.spotify.com/track/3ySVdXje5nm31d7vL3jNV3
"Tum Hi Aana (From ""Marjaavaan"")","['Payal Dev', 'Jubin Nautiyal', 'Kunaal Vermaa']","Tum Hi Aana (From ""Marjaavaan"")",https://open.spotify.com/track/6E9UwSfT80age2xknoMS7Y
Adhure Hum,['Suzonn'],Adhure Hum,https://open.spotify.com/track/2xXOMe2ruzyAww4PddXPtv
Jeena Jeena,['Atif Aslam'],Badlapur (Original Motion Picture Soundtrack),https://open.spotify.com/track/2GXXZFUxYg2LvG8SR0byOE
"Thodi Jagah (From ""Marjaavaan"")","['Arijit Singh', 'Tanishk Bagchi']","Thodi Jagah (From ""Marjaavaan"")",https://open.spotify.com/track/3f0wz6zcA7XkQiGm0qNF5r
"Tujhe Kitna Chahne Lage (From ""Kabir Singh"")","['Arijit Singh', 'Mithoon']","Tujhe Kitna Chahne Lage (From ""Kabir Singh"")",https://open.spotify.com/track/2Fv2injs4qAm8mJBGaxVKU
"Mann Bharryaa 2.0 (From ""Shershaah"")","['B Praak', 'Jaani']","Mann Bharryaa 2.0 (From ""Shershaah"")",https://open.spotify.com/track/3jf5303mzzJ96O8xFTcEn4
Tu Hi Haqeeqat,"['Pritam', 'Javed Ali', 'Irshan Ashraf', 'Shadab']",Tum Mile (Original Motion Picture Soundtrack),https://open.spotify.com/track/3OLFqbd9ZeVjaUKTiaLsD6
"Khamoshiyan (From ""Khamoshiyan"")","['Jeet Gannguli', 'Arijit Singh']","Khamoshiyan (From ""Khamoshiyan"")",https://open.spotify.com/track/5Gy67YHzPZTk9Q0D73LAGH
akele phir kyun?,"['Savera', 'RUUH', 'JOH', 'Shreya']",akele phir kyun?,https://open.spotify.com/track/2vufwcx0Zf6RCfbwqpWKAZ
Filhaal2 Mohabbat,"['B Praak', 'Akshay Kumar', 'Nupur Sanon', 'Ammy Virk']",Filhaal2 Mohabbat,https://open.spotify.com/track/576v1keY82NOPITMNu0wD2
"Agar Tum Saath Ho (From ""Tamasha"")","['Alka Yagnik', 'Arijit Singh']",Love Forever With Arijit Singh,https://open.spotify.com/track/2FCXQHugkoHE1K3tiDu8pu
Kaash Aisa Hota,['Darshan Raval'],Kaash Aisa Hota,https://open.spotify.com/track/32IjXlRFxNtJ4eMhKAUrSX
Toh Phir Aao,['Mustafa Zahid'],Awarapan (Original Soundtrack),https://open.spotify.com/track/4chxJYv0qsOKQukt6cKp97
Chale Jaana Phir (Humko Tere Bina),"['Denny', 'Rahul Mishra', 'Kunaal Vermaa']",Chale Jaana Phir (Humko Tere Bina),https://open.spotify.com/track/04ChFQZCKl2yRcvc0VR7qN
"Tera Ban Jaunga (From ""Kabir Singh"")","['Akhil Sachdeva', 'Tulsi Kumar']",Best Of Akhil Sachdeva,https://open.spotify.com/track/4OcvkkpF3xmyCGGY5IBlgi
Aaya,"['Vikram Montrose', 'Adi Sharmaa']",Aaya,https://open.spotify.com/track/0xrH3eFREKDS8vS8iKPD26
Hawa Banke,['Darshan Raval'],Hawa Banke,https://open.spotify.com/track/1L3Nsi7YXtBxTdnbqektia
"Bekhayali (From ""Kabir Singh"")","['Sachet Tandon', 'Sachet-Parampara']","Bekhayali (From ""Kabir Singh"")",https://open.spotify.com/track/1feANd8EfcDP5UqSvbheM3
"Kaise Hua (From ""Kabir Singh"")",['Vishal Mishra'],"Kaise Hua (From ""Kabir Singh"")",https://open.spotify.com/track/1y1rQTkWmrZdJmjwuK07GC
Hasi - Male Version,"['Ami Mishra', 'Kunaal Vermaa']",Hamari Adhuri Kahani (Original Motion Picture Soundtrack),https://open.spotify.com/track/32765xcLM1fd6wQIpkN9A0
Tu Hai Ki Nahi,['Ankit Tiwari'],Roy,https://open.spotify.com/track/4brSaQIT3bnnE41D042fgL
"Channa Mereya (From ""Ae Dil Hai Mushkil"")","['Pritam', 'Arijit Singh']",Ae Dil Hai Mushkil (Original Motion Picture Soundtrack) [Deluxe Edition],https://open.spotify.com/track/0H2iJVgorRR0ZFgRqGUjUM
Ishq Ch Kamli,"['Sagar Bhatia', 'Arjun Sarkar', 'Arjit Srivastava']",Ishq Ch Kamli,https://open.spotify.com/track/0qvvJm8ZyvxH8gJkvj5KkB
Saware,"['Pritam', 'Arijit Singh']",Phantom,https://open.spotify.com/track/1juJ3mwsFerctbngtK42G4
"Phir Mohabbat (From ""Murder 2"")","['Mohammed Irfan', 'Arijit Singh', 'Saim Bhat']",Ultimate Love Songs - Arijit Singh,https://open.spotify.com/track/4RCd3Gdtt3dNedof64hqRD
Khairiyat,"['Pritam', 'Arijit Singh']",Chhichhore,https://open.spotify.com/track/5O932cZmzOZGOGZz9RHx20
Samjh Na Aundi,['tricksingh'],Lowkey / Samjh Na Aundi,https://open.spotify.com/track/6yEpT2dVSdD5fRDhRQzaqR
Darmiyaan,"['Shafqat Amanat Ali', 'Clinton Cerejo']",Jodi Breakers,https://open.spotify.com/track/163jamCc6vC1HQKpbu2jxC
"Lambiyaan Si Judaiyaan (From ""Raabta"")","['Arijit Singh', 'Shadab', 'Altamash Faridi']","Lambiyaan Si Judaiyaan (From ""Raabta"")",https://open.spotify.com/track/4SEUwsmis8e02cZ6efrTuY
Aaja We Mahiya,['Imran Khan'],Aaja We Mahiya,https://open.spotify.com/track/75Ak0cit8hV604Wjlq1gf2
"Dil Ko Karaar Aaya (From ""Sukoon"")","['Yasser Desai', 'Neha Kakkar', 'Rajat Nagpal']","Dil Ko Karaar Aaya (From ""Sukoon"")",https://open.spotify.com/track/5urYiIXu1ZhfMAOsp7WDTc
"Sanam Re (From ""Sanam Re"")","['Mithoon', 'Arijit Singh']",Love Forever With Arijit Singh,https://open.spotify.com/track/3XWBGyt7m2rZAjEj0awWnw
Sunn Raha Hai,['Ankit Tiwari'],Aashiqui 2,https://open.spotify.com/track/5PvwPy5eRO8BPwpRzCHK3D
"Dil (From ""Ek Villain Returns"")","['Kaushik-Guddu', 'Raghav Chaitanya', 'Kunaal Vermaa']","Dil (From ""Ek Villain Returns"")",https://open.spotify.com/track/043SPVu75TXbs94ZfM9dfn
Jo Tu Na Mila,['Asim Azhar'],Jo Tu Na Mila,https://open.spotify.com/track/6DefzsWqnwrFrmNVnJxWkS
"Tose Naina (From ""Mickey Virus"")",['Arijit Singh'],Arijit Singh Broken Strings,https://open.spotify.com/track/0CkKNiZoIQMkJfvRfYTti5
"Dil Mein Ho Tum (From ""Cheat India"")","['Armaan Malik', 'Rochak Kohli', 'Bappi Lahiri']","Dil Mein Ho Tum (From ""Cheat India"")",https://open.spotify.com/track/1mjWhM7GQTTxJxg2F0iCRS
Uska Hi Banana,['Arijit Singh'],1920 (Evil Returns) [Original Motion Picture Soundtrack],https://open.spotify.com/track/59PfO2nIOt61Ebo0u2lpGT
Hai Dil Ye Mera,['Arijit Singh'],Hate Story 2,https://open.spotify.com/track/7iUtPrsHS509HB8bCtSlvX
Agar Tu Hota,['Ankit Tiwari'],Baaghi,https://open.spotify.com/track/7KYItmZqiTnvfuO42oc6Og
Hairaani,"['Arijit Singh', 'Sakina Khan']",Love Shagun (Original Motion Picture Soundtrack),https://open.spotify.com/track/6tlADerCCIkKHapaobrzcm
"Lo Safar (From ""Baaghi 2"")","['Jubin Nautiyal', 'Mithoon']","Lo Safar (From ""Baaghi 2"")",https://open.spotify.com/track/45wzRgkkG5gjuYS3OkFWaI
Tu Jaane Na,"['Atif Aslam', 'Pritam']",Best of Romance: Atif Aslam & Pritam,https://open.spotify.com/track/5vGiuYFSGekGLgbxhV1rD5
Chitthi,"['Jubin Nautiyal', 'Rocky - Shiv']",Chitthi,https://open.spotify.com/track/3thIARBf9vzQXQYuaOf8Wd
Kabira,"['Pritam', 'Tochi Raina', 'Rekha Bhardwaj']",Yeh Jawaani Hai Deewani,https://open.spotify.com/track/4bD9z9qa4qg9BhryvYWB7c
Filhall,"['B Praak', 'Akshay Kumar', 'Nupur Sanon']",Filhall,https://open.spotify.com/track/7DE0I3buHcns00C0YEsYsY
O Re Piya,"['Salim–Sulaiman', 'Rahat Fateh Ali Khan', 'Jaideep Sahni']",Aaja Nachle,https://open.spotify.com/track/7cWnks0lsRtpAi87COOiXK
"Saware (From ""Phantom"")",['Arijit Singh'],Ultimate Love Songs - Arijit Singh,https://open.spotify.com/track/2y0hUGvHaKm2p5xmJF4HBe
Soch Na Sake,"['Amaal Mallik', 'Arijit Singh', 'Tulsi Kumar']",Airlift,https://open.spotify.com/track/6mTvwBzWTGDOVeCNQEqtOE
Isq Risk,"['Sohail Sen', 'Rahat Fateh Ali Khan', 'Irshad Kamil']",Mere Brother Ki Dulhan,https://open.spotify.com/track/0rxEPf4Y6uBmV3hkrV340a
Muskurane - Lofi Flip,"['KSW', 'Arijit Singh']",Muskurane (Lofi Flip),https://open.spotify.com/track/6ocwTKbnMqlKB5PwA9UPKz
"Sapna Jahan (From ""Brothers"")","['Ajay-Atul', 'Sonu Nigam', 'Neeti Mohan']","Sapna Jahan (From ""Brothers"")",https://open.spotify.com/track/6uQkoo1UGWThtEpNEYc6Ga
Chhod Diya,['Arijit Singh'],Bollywood Hits Top 10,https://open.spotify.com/track/0NnaDlYvjuE6lpnGynSxTm
"Ranjha (From ""Shershaah"")","['Jasleen Royal', 'B Praak', 'Romy', 'Anvita Dutt']","Ranjha (From ""Shershaah"")",https://open.spotify.com/track/72zHuDxFQTjbL51qJQSA7j
Aawara Shaam Hai,"['Meet Bros.', 'Piyush Mehroliyaa']",Aawara Shaam Hai,https://open.spotify.com/track/5EiDq65F3UGoViI0wKHL0C
Phir Mohabbat,"['Mohammed Irfan', 'Arijit Singh', 'Saim Bhat']",Murder 2,https://open.spotify.com/track/2b2HutIDmoeBnnKRWDLAtV
Aziyat,['Pratsofficial'],Aziyat,https://open.spotify.com/track/5DEp8hauuZ45oG38YOkkQq
Suno- Na Sangemarmar,['Arijit Singh'],Youngistaan,https://open.spotify.com/track/0RrR3wg4ezBVwm7lyeybir
Wajah Tum Ho,['Armaan Malik'],Bollywood Romantic Songs With Armaan Malik,https://open.spotify.com/track/6q1QIBUfxyZJhygVIiG6c9
Zaroori Tha,['Rahat Fateh Ali Khan'],Back 2 Love,https://open.spotify.com/track/0JChw6k59cZxegh0SGceE1
O Khuda,"['Amaal Mallik', 'Palak Muchhal']",Hero,https://open.spotify.com/track/5bdX7jiXtSbHX35pgxJo8p
Rooh,['Tej Gill'],Rooh,https://open.spotify.com/track/1QbftLk2fmvtjmQ6DTvbAB
Tu Jo Mila,"['Pritam', 'KK']",Bajrangi Bhaijaan,https://open.spotify.com/track/7txLCGOXyDlDXTjtR1Sk4v
"Chale Aana (From ""De De Pyaar De"")","['Amaal Mallik', 'Armaan Malik', 'Kunaal Vermaa']","Chale Aana (From ""De De Pyaar De"")",https://open.spotify.com/track/6vuMdb0E8buJeSHArN3dXk
Kyon Ki Itna Pyar,"['Udit Narayan', 'Alka Yagnik']",Kyon Ki - It's Fate,https://open.spotify.com/track/2Cy0T0n18rleVVr2O5BIWA
Lo Maan Liya,['Arijit Singh'],Raaz Reboot,https://open.spotify.com/track/2wJ9d1Gfj8OqcznPAroqvh
"Baatein Ye Kabhi Na (From ""Khamoshiyan"") - Male","['Jeet Gannguli', 'Arijit Singh']",Musical Bond: Jeet Gannguli & Arijit Singh,https://open.spotify.com/track/6CV2iSJV2W6yAITDxSSes3
"Wafa Ne Bewafai (From ""Teraa Surroor"")","['Arijit Singh', 'Neeti Mohan', ""Suzanne D'Mello""]",Arijit Singh Broken Strings,https://open.spotify.com/track/0KCELNf5it4kL3LGwR80cj
Main Agar Kahoon,"['Sonu Nigam', 'Shreya Ghoshal']",Soulful Sonu Nigam Specials,https://open.spotify.com/track/3WVHfTd7xz9VPYJQFpOp8j
Allah Waariyan,['Shafqat Amanat Ali'],Yaariyan,https://open.spotify.com/track/6YYVzVapUF3UnZQ0igasl3
Banjaara,['Mohammed Irfan'],Ek Villain,https://open.spotify.com/track/4eFnk661RcdOuH9ajiTO3j
Teri Meri (Reprise),"['Rahat Fateh Ali Khan', 'Shreya Ghoshal']",Bodyguard,https://open.spotify.com/track/39h7Ye6CM0kcTDvCp64ipH
"Saanson Ko (From ""Zid"")","['Shaarib Toshi', 'Arijit Singh']","Saanson Ko (From ""Zid"")",https://open.spotify.com/track/1HzNbxPRn9onoxxeZByHYJ
Dil De Diya Hai,['Anand Raj Anand'],Masti,https://open.spotify.com/track/2zT6KfK583MkcLIHLBO8De
Bewafa Tera Masoom Chehra,"['Rochak Kohli', 'Jubin Nautiyal', 'Rashmi Virag']",Bewafa Tera Masoom Chehra,https://open.spotify.com/track/2plj6f8TqOF0YNuHd2VzJD
"Pachtaoge (From ""Jaani Ve"")","['Arijit Singh', 'B Praak', 'Jaani']","Pachtaoge (From ""Jaani Ve"")",https://open.spotify.com/track/5QVHNa0ppJUOoqSd36ovQS
Humnava Mere,"['Jubin Nautiyal', 'Rocky - Shiv']",Humnava Mere,https://open.spotify.com/track/0loZn1c5heXie7OAtvK6nH
Saiyaara,"['Sohail Sen', 'Mohit Chauhan', 'Tarannum Malik Jain', 'Kausar Munir']",Ek Tha Tiger,https://open.spotify.com/track/1ocYa8PoVd5e2vPn0xHJcA
Darasal,"['Pritam', 'Atif Aslam']",Raabta,https://open.spotify.com/track/3OZLwCFeWOCFHTlIIrwzmO
Kuch To Hai,['Armaan Malik'],Do Lafzon Ki Kahani,https://open.spotify.com/track/0uFosRhSqfxPxYhn6TWRpC
Aa Jao Meri Tamanna,"['Javed Ali', 'Jojo Nathaniel', 'Pritam']",Ajab Prem Ki Ghazab Kahani (Original Motion Picture Soundtrack),https://open.spotify.com/track/30IOhjcKbULQUt66nYkUvW
Dard Dilo Ke,['Himesh Reshammiya'],Hits Of Bollywood Songs,https://open.spotify.com/track/5fJ7LMH2yzvlX0HKxbzl6f
Baarishon Mein,['Darshan Raval'],Baarishon Mein,https://open.spotify.com/track/7doebiokA0utWXWcw7rD82
Apnaa Mujhe Tu Lagaa,['Sonu Nigam'],1920 Evil Returns,https://open.spotify.com/track/70O5Rpo2B2FB4B5bf68JWw
Muskurane - Romantic,"['Jeet Gannguli', 'Arijit Singh']",Citylights (Original Motion Picture Soundtrack),https://open.spotify.com/track/6fW78cd0p3ZDUzoqvx2Xqe
Baaton Ko Teri,['Arijit Singh'],All Is Well,https://open.spotify.com/track/23CkVQ84EestqfkEy4fhOQ
Bol Do Na Zara,"['Armaan Malik', 'Amaal Mallik', 'Rashmi Virag']",Azhar,https://open.spotify.com/track/6eO9LvEiMqh1CAsa6y3wXP
Main Rahoon Ya Na Rahoon,"['Amaal Mallik', 'Armaan Malik', 'Rashmi Virag']",Main Rahoon Ya Na Rahoon,https://open.spotify.com/track/6f3ANRNQ8nCiPZ6VqXqq93
Jag Soona Soona Lage,"['Rahat Fateh Ali Khan', 'Richa Sharma']",Om Shanti Om,https://open.spotify.com/track/2sVzO3L0fdOMVe8wVlM0IE
"Duaa (From ""Shanghai"")","['Nandini Srikar', 'Arijit Singh']",Best Of Arijit Singh - Revisited,https://open.spotify.com/track/6U7K35NrdOzxUbh4nuuz7U
Main Jis Din Bhulaa Du,"['Rochak Kohli', 'Jubin Nautiyal', 'Tulsi Kumar', 'M. Ashraf']",Main Jis Din Bhulaa Du,https://open.spotify.com/track/6X3FjTFOKsj7FQk2rd0gPv
Paniyon Sa,"['Rochak Kohli', 'Atif Aslam', 'Tulsi Kumar']","Paniyon Sa (From ""Satyameva Jayate"")",https://open.spotify.com/track/2si0ZNx4yRbggTvrIom8A2
Tere Ho Ke Rahenge,['Arijit Singh'],Raja Natwarlal,https://open.spotify.com/track/1rswWscsWpE3XFG79uNTDF
Tose Naina,['Arijit Singh'],Mickey Virus,https://open.spotify.com/track/2dPUug9YiNL4ypu8UF8SnD
"Tu Har Lamha (From ""Khamoshiyan"")","['Bobby-Imran', 'Arijit Singh']","Tu Har Lamha (From ""Khamoshiyan"")",https://open.spotify.com/track/13tg1zpSfWyFQbv09a9LPD
Judaai,['Falak Shabbir'],I Love Ny,https://open.spotify.com/track/5oJDBF9pL3VALl6kpEyW9z
Main Woh Chaand,['Darshan Raval'],Teraa Surroor,https://open.spotify.com/track/06uNwpGEx0XElATDWFwsxZ
Tera Zikr,['Darshan Raval'],Tera Zikr,https://open.spotify.com/track/0OfaueVeRebAfWsAHajj3z
Judaai,"['Rekha Bhardwaj', 'Arijit Singh']",Badlapur (Original Motion Picture Soundtrack),https://open.spotify.com/track/2MsGTWvf7dcjKbI0WTq6Pz
Tu Hi Mera,"['Pritam', 'Shafqat Amanat Ali']",Jannat 2 (Original Motion Picture Soundtrack),https://open.spotify.com/track/1CVqr5LImdmJ1Upt4z08Pm
Ik Lamha,['Azaan Sami Khan'],Main Tera,https://open.spotify.com/track/6KtSNVgCmQEvDgIuHoXAkT
Jab Tak (Redux),['Armaan Malik'],M.S.Dhoni - The Untold Story,https://open.spotify.com/track/1YzWe6GO09gZRoZvGRSfmZ
Kaun Tujhe (Armaan Malik Version),"['Armaan Malik', 'Amaal Mallik']",Kaun Tujhe (Armaan Malik Version),https://open.spotify.com/track/5fjIpQa7O7ttgx64TN9lZR
Ghar Se Nikalte Hi,"['Amaal Mallik', 'Armaan Malik', 'Kunaal Vermaa']",Ghar Se Nikalte Hi,https://open.spotify.com/track/1Dw8GkFpFjUpNTUpfF5lee
Besabriyaan,['Armaan Malik'],M.S.Dhoni - The Untold Story,https://open.spotify.com/track/0pWcUM0z72DhTW7j0fa0QM
"Kuch To Hai (From ""Do Lafzon Ki Kahani"")",['Armaan Malik'],Hits Of Armaan Malik,https://open.spotify.com/track/2rY3xn0dPyWVNTR25oRsF3
"Mere Sohneya (From ""Kabir Singh"")","['Sachet Tandon', 'Parampara Tandon', 'Sachet-Parampara']","Mere Sohneya (From ""Kabir Singh"")",https://open.spotify.com/track/2IoZMG3RqiTmsy7Li3zGFg
Tera Hone Laga Hoon,"['Atif Aslam', 'Alisha Chinai', 'Pritam']",Ajab Prem Ki Ghazab Kahani (Original Motion Picture Soundtrack),https://open.spotify.com/track/0dLbrlAVPPjpPqnYfmJsWk
Tu Jo Hain,['Ankit Tiwari'],Mr. X (Original Motion Picture Soundtrack),https://open.spotify.com/track/3HH3xlISSAhadC8bu0UDdl
Ishq Mubarak,['Arijit Singh'],Tum Bin 2,https://open.spotify.com/track/4M513o3dSYspKeT6UNJpcx
Dekh Lena,"['Arijit Singh', 'Tulsi Kumar']",Tum Bin 2,https://open.spotify.com/track/4K7l6gzsSPKkB3mzokEDKQ
"Tum Se Hi (From ""Sadak 2"")","['Ankit Tiwari', 'Leena Bose']","Tum Se Hi (From ""Sadak 2"")",https://open.spotify.com/track/2fwd3t4N8QNy9w7VT1zC97
Dhokha,"['Arijit Singh', 'Manan Bhardwaj', 'Khushalii Kumar']",Dhokha,https://open.spotify.com/track/2aV8nAkyt5nsWdQTruzgmJ
"Bandeya - From ""Dil Juunglee""","['Shaarib Toshi', 'Arijit Singh']","Bandeya (From ""Dil Juunglee"")",https://open.spotify.com/track/6gwnKOvdBKkTU4CQ7KpIAu
Humsafar,"['Akhil Sachdeva', 'Mansheel Gujral']",Badrinath Ki Dulhania,https://open.spotify.com/track/6TFESXMfJJWwccviaxGAMa
"Phir Kabhi (From ""M.S.Dhoni - The Untold Story"")",['Arijit Singh'],2016 Shining Star - Arijit Singh,https://open.spotify.com/track/77gskLti3ilCnuwlDq0m8j
"Chal Wahan Jaate Hain (From ""Chal Wahan Jaate Hain"")",['Arijit Singh'],Groove With Arijit Singh,https://open.spotify.com/track/6qElTDh0OatDTUoROu0vup
"Tose Naina (From ""Mickey Virus)",['Arijit Singh'],Love Dose Arijit Singh,https://open.spotify.com/track/2fMlezwwP5Hr1UwuAknN4o
"Milne Hai Mujhse Aayi (From ""Aashiqui 2"")",['Arijit Singh'],Arijit Singh Broken Strings,https://open.spotify.com/track/24b9eObMccIrDSs3NvdrRd
"Baaton Ko Teri (From ""All Is Well"")",['Arijit Singh'],Love Forever With Arijit Singh,https://open.spotify.com/track/7aYxXjYYI9iOzElV5WimLt
Asal Mein,['Darshan Raval'],Asal Mein,https://open.spotify.com/track/0rMeOAvbQZ2RTG4B6L1M4p
"Mujhko Barsaat Bana Lo (From ""Junooniyat"")",['Armaan Malik'],2016 Shining Star - Armaan Malik,https://open.spotify.com/track/5w8r50E1tZ9YGgAA02pqwO
"Darkhaast (feat. Arijit Singh, Sunidhi Chauhan)","['Mithoon', 'Arijit Singh', 'Sunidhi Chauhan']",Shivaay,https://open.spotify.com/track/1awtp7rf6ajhGY9BgzCHeZ
Bholenath - A Love Story,['Kaka WRLD'],Bholenath (A Love Story),https://open.spotify.com/track/7tmofPELD2LKovM6wU1axP
"Dekhte Dekhte (From ""Batti Gul Meter Chalu"")",['Atif Aslam'],Bollywood Heartbreak Songs,https://open.spotify.com/track/5r0ZVUKEmqqo0bfW8p9wK7
Mujhe Peene Do,['Darshan Raval'],Mujhe Peene Do,https://open.spotify.com/track/3FbZoPzEaUBOD84l1FwFEH
Dil Tod Ke,"['Rochak Kohli', 'B Praak']",Dil Tod Ke,https://open.spotify.com/track/71OoohX1NBG4ez6eijgaWE
Dil Ibaadat,"['Pritam', 'KK']",Tum Mile (Original Motion Picture Soundtrack),https://open.spotify.com/track/3Kl8p2PxVf8eAayLwTxOIm
Tere Ishq Mein,['Aditya Yadav'],Tere Ishq Mein,https://open.spotify.com/track/2iTpz6Ye04nIMlvbuJXP15
Roi Naa,"['Shantanu Avinashi', 'Vicky Singh']",Roi Naa,https://open.spotify.com/track/7rNwP6QWqCYDFq6LEVFzzA
Akhiyaan,['Mitraz'],Akhiyaan,https://open.spotify.com/track/2l3dFxtoSMgMQVyRIUHjpz
"Piya Aaye Na (From ""Aashiqui 2"")","['Tulsi Kumar', 'KK']",Mesmeric Voice - Tulsi Kumar,https://open.spotify.com/track/18gi2IxbZ3Ugom7wTRkohf
Tujhe Bhula Diya,"['Mohit Chauhan', 'Shekhar Ravjiani', 'Shruti Pathak']",Anjaana Anjaani,https://open.spotify.com/track/4r8JqkhpTb5tzSKKHnVJIJ
Jee Le Zaraa,['Vishal Dadlani'],Talaash,https://open.spotify.com/track/2r32XiAWtZbT3eLUvf4pag
O Saathi,"['Atif Aslam', 'Arko']","O Saathi (From ""Baaghi 2"")",https://open.spotify.com/track/6fScgF2Y63ScU73nYju0ny
Zara Sa,"['Pritam', 'KK']",Jannat (Original Motion Picture Soundtrack),https://open.spotify.com/track/18YHbIhrleUkKKj2DvEp79
Raaz Aankhein Teri,"['Arijit Singh', 'Rashmi Virag']",Raaz Reboot,https://open.spotify.com/track/5Q39OZm29c4V3prqngD7Rf
Judai,"['Pritam', 'Kamran Ahmed']",Jannat (Original Motion Picture Soundtrack),https://open.spotify.com/track/7LGgRybx6vnACSRnYcGmMl
Deewana Kar Raha Hai,['Javed Ali'],Raaz 3,https://open.spotify.com/track/2tva3nN2kQhBjHMC7Zlty6
Sab Tera,"['Armaan Malik', 'Shraddha Kapoor']",Baaghi,https://open.spotify.com/track/5uUEytfFSWfTzu5EqZxQju
The Break Up Mashup,"['Nandini Srikar', 'Arijit Singh', 'Mohit Chauhan', 'Shekhar Ravjiani', 'Shruti Pathak', 'Sona Mohapatra', 'Amitabh Bhattacharya', 'Anusha Mani', 'Papon', 'Mithoon', 'Tochi Raina', 'Rekha Bhardwaj', 'Rahat Fateh Ali Khan', 'Shreya Ghoshal', 'Ankit Tiwari', 'Javed Bashir', 'Adnan Sami', 'Dj Chetas']",The Break Up Mashup,https://open.spotify.com/track/4PqjRiltcMpXoc7orVH5Dc
Teri Meri,"['Rahat Fateh Ali Khan', 'Shreya Ghoshal']",Bodyguard,https://open.spotify.com/track/1HT0RzPuChHC1kWbIplHyw
Dard,"['Kushagra', 'Showkidd']",Love19,https://open.spotify.com/track/6bXrlIITUgU0qnmmTnzrXW
Dhating Naach,"['Pritam', 'Neha Kakkar', 'Nakash Aziz']",Phata Poster Nikhla Hero (Original Motion Picture Soundtrack),https://open.spotify.com/track/1ZmaJl1kHdTxbzji59LD2c
"Ik Mulaqaat - From ""Dream Girl""","['Meet Bros.', 'Altamash Faridi', 'Palak Muchhal']",Dream Girl (Original Motion Picture Soundtrack),https://open.spotify.com/track/55B3iMvqP2OHTOi41WKj2X
"Tumse Bhi Zyada (From ""Tadap"")","['Pritam', 'Arijit Singh']","Tumse Bhi Zyada (From ""Tadap"")",https://open.spotify.com/track/2cC4DfpPa7x1QZTKQpe3TP
Baatein Ye Kabhi Na - Male,"['Jeet Gannguli', 'Arijit Singh']",Khamoshiyan (Original Motion Picture Soundtrack),https://open.spotify.com/track/0PxMHdQ6bSz9q0eJj3kJzb
Bhool Jaa,"['Arijit Singh', 'Piyush Shankar', 'Rashmi Virag']",Bhool Jaa,https://open.spotify.com/track/1loeDOvAGVAdrQDGIJQzwV
Haaye Dard,['Darshan Raval'],Dard,https://open.spotify.com/track/5Guwp446UExa6M5SIibjfC
Aahatein,"['Karthik', 'Shilpa Rao']",Ek Main Aur Ekk Tu,https://open.spotify.com/track/3dQjCswDedsHNxdaOhcfiz
Abhi Mujh Mein Kahin,"['Ajay-Atul', 'Sonu Nigam']",Agneepath (Original Motion Picture Soundtrack),https://open.spotify.com/track/73y649QhnXdcm6fRdvfraO
"Har Kisi Ko (From ""Boss)","['Arijit Singh', 'Neeti Mohan']",Love Dose Arijit Singh,https://open.spotify.com/track/4A7eOIbt19Wk5OXjVxE3SI
Tera Ghata,['Gajendra Verma'],Tera Ghata,https://open.spotify.com/track/0JBhoxPKHJc1ZeJrjSt0VO
Khamoshiyan,"['Jeet Gannguli', 'Arijit Singh']",Khamoshiyan (Original Motion Picture Soundtrack),https://open.spotify.com/track/6zCQF5tu7HVwU9shhKqiuF
Roke Na Ruke Naina,['Arijit Singh'],Badrinath Ki Dulhania,https://open.spotify.com/track/2k7RoJQR0mi8WVWK0Och93
Aaj Bhi,['Vishal Mishra'],Aaj Bhi,https://open.spotify.com/track/6LpswW9691XT9OjVSvDU6G
Yeh Jism,['Ali Azmat'],Jism 2,https://open.spotify.com/track/4sRcdrQrFilYpMIybCwgKU
Ek Raat,['Vilen'],Ek Raat,https://open.spotify.com/track/2jHicGSFIXm8dUdGz2wwzx
Tu Aake Dekhle,['King'],The Carnival,https://open.spotify.com/track/0yCWDaAgOtg6TKlNCg9rwA
"Pachtaoge (From ""Jaani Ve"")",['Arijit Singh'],Ultimate Love Songs - Arijit Singh,https://open.spotify.com/track/5ZU1GwpkNJPaGbUwXX5rpQ
Deewane Hum Nahi Hote,['Aditya Yadav'],Deewane Hum Nahi Hote,https://open.spotify.com/track/4Vsls0EMNdIOp0V7KXZ88y
Ek Tarfa,['Darshan Raval'],Ek Tarfa,https://open.spotify.com/track/64r6z0P3RnhpTGdkA7p5Os
