Track,Artists,Album,Spotify URL
Don't Stay,['Linkin Park'],Meteora (Bonus Edition),https://open.spotify.com/track/2yss0n7KmvmSr4EHvjfFpn
Sound of Madness,['Shinedown'],The Sound of Madness,https://open.spotify.com/track/0W9Xvd4Qx1aZPxEi94vgRY
One Step Closer,['Linkin Park'],Hybrid Theory (Bonus Edition),https://open.spotify.com/track/3K4HG9evC7dg3N0R9cYqk4
Kingdom,['Downstait'],Kingdom,https://open.spotify.com/track/3gILDObZFV7LD5pmjSr9zo
One For the Money,['Escape the Fate'],Ungrateful,https://open.spotify.com/track/3MAFVGKEVV9EgO1lQnPqcc
Figure.09,['Linkin Park'],Meteora (Bonus Edition),https://open.spotify.com/track/0rPTPahzhGx9LSzI8XX5OM
Last Resort,['Papa Roach'],Infest,https://open.spotify.com/track/5W8YXBz9MTIDyrpYaCg2Ky
Chop Suey!,['System Of A Down'],Toxicity,https://open.spotify.com/track/2DlHlPMa4M17kufBvI2lEN
Smells Like Teen Spirit,['Nirvana'],Nevermind (Remastered),https://open.spotify.com/track/4CeeEOM32jQcH3eN9Q2dGj
Duality,['Slipknot'],Vol. 3: The Subliminal Verses,https://open.spotify.com/track/61mWefnWQOLf90gepjOCb3
In the End,['Linkin Park'],Hybrid Theory (Bonus Edition),https://open.spotify.com/track/60a0Rd6pjrkxjPbaKzXjfq
Bring Me To Life,['Evanescence'],Fallen,https://open.spotify.com/track/0COqiPhxzoWICwFCS4eZcp
Paralyzer,['Finger Eleven'],Them Vs. You Vs. Me (Deluxe Edition),https://open.spotify.com/track/28IEbk5a7twNTbUEvWslUb
Misery Business,['Paramore'],Riot!,https://open.spotify.com/track/3l9CW99AHtExIRV4hW2N5m
Coming Undone,['Korn'],See You On the Other Side,https://open.spotify.com/track/3o7TMr6RmIusYH7Kkg7ujR
BURN IT DOWN,['Linkin Park'],LIVING THINGS,https://open.spotify.com/track/7oVEtyuv9NBmnytsCIsY5I
Throne,['Bring Me The Horizon'],That's The Spirit,https://open.spotify.com/track/0M3adYbGtyRHACP86dey1H
Holiday,['Green Day'],Holiday,https://open.spotify.com/track/5vfjUAhefN7IjHbTvVCT4Z
Back In Black,['AC/DC'],Back In Black,https://open.spotify.com/track/08mG3Y1vljYA6bvDt4Wqkj
Kingslayer (feat. BABYMETAL),"['Bring Me The Horizon', 'BABYMETAL']",POST HUMAN: SURVIVAL HORROR,https://open.spotify.com/track/7CAbF0By0Fpnbiu6Xn5ZF7
Faint,['Linkin Park'],Meteora,https://open.spotify.com/track/4Yf5bqU3NK4kNOypcrLYwU
Animal I Have Become,['Three Days Grace'],One-X,https://open.spotify.com/track/5eFxwmqKrHpSQDOEIFYlgY
Hail to the King,['Avenged Sevenfold'],Hail to the King,https://open.spotify.com/track/5anCkDvJ17aznvK5TED5uo
Rollin' (Air Raid Vehicle),['Limp Bizkit'],Chocolate Starfish And The Hot Dog Flavored Water,https://open.spotify.com/track/3IV4swNduIRunHREK80owz
Somewhere I Belong,['Linkin Park'],Meteora (Bonus Edition),https://open.spotify.com/track/3fjmSxt0PskST13CSdBUFx
Fake It,['Seether'],Finding Beauty In Negative Spaces (Bonus Track Version),https://open.spotify.com/track/4eAwB5pnKFTmsgc3zWoYO0
Toxicity,['System Of A Down'],Toxicity,https://open.spotify.com/track/0snQkGI5qnAmohLE7jTsTn
Bat Country,['Avenged Sevenfold'],City of Evil,https://open.spotify.com/track/3sHH7lklbfpcraDDvYnjo7
Numb,['Linkin Park'],Meteora,https://open.spotify.com/track/2nLtzopw4rPReszdYBJU6h
Aerials,['System Of A Down'],Toxicity,https://open.spotify.com/track/4e9eGQYsOiBcftrWXwsVco
Dead Memories,['Slipknot'],All Hope Is Gone (10th Anniversary),https://open.spotify.com/track/7eRG7KNDIgjIk3nvykmhOT
Points of Authority,['Linkin Park'],Hybrid Theory (Bonus Edition),https://open.spotify.com/track/5egqKwgK5r5rvGD1LrtR7J
Twisted Transistor,['Korn'],See You On the Other Side,https://open.spotify.com/track/05NpeTQWnzXS1d8ZqL4YFZ
Custer,['Slipknot'],.5: The Gray Chapter,https://open.spotify.com/track/2PV3xcnPI7QMayUpGB4Xkv
Ace of Spades,['Motörhead'],Ace of Spades (Expanded Edition),https://open.spotify.com/track/3CIOopLwvyMvXk97ZEksKO
The Other Side,['Alter Bridge'],The Last Hero,https://open.spotify.com/track/7sK9Xxr63paUTglk8hbGVT
Bodies,['Drowning Pool'],Sinner,https://open.spotify.com/track/7CpbhqKUedOIrcvc94p60Y
Down with the Sickness,['Disturbed'],The Sickness,https://open.spotify.com/track/40rvBMQizxkIqnjPdEWY1v
Before I Forget,['Slipknot'],Vol. 3: The Subliminal Verses,https://open.spotify.com/track/6wqJeItl3Vc3az4ZicSQAB
Crawling,['Linkin Park'],Hybrid Theory (Bonus Edition),https://open.spotify.com/track/57BrRMwf9LrcmuOsyGilwr
Nightmare,['Avenged Sevenfold'],Nightmare,https://open.spotify.com/track/4UEo1b0wWrtHMC8bVqPiH8
Papercut,['Linkin Park'],Hybrid Theory (Bonus Edition),https://open.spotify.com/track/1Vej0qeQ3ioKwpI6FUbRv1
